# Figura 6.17 da dissertação de Marcos A. G. da Silva Filho (COPPE/UFRJ, 2023)
# cenário 6 — DeltaT [C]
# série "Simulação"; vértices extraídos do gráfico vetorial, NÃO a saída numérica original
t_min,valor
120.38,0.0019
120.38,0.8208
356.69,0.8208
356.69,0.6222
593.00,0.6222
593.00,0.4221
829.32,0.4221
829.32,0.2221
1057.75,0.2221
1057.75,0.0234
1294.07,0.0234
1294.06,-0.1766
1294.06,-0.1032
1530.38,-0.0312
1530.38,-0.1305
1530.38,-0.0586
1530.38,-0.1579
1766.69,-0.0859
1766.69,-0.1852
1766.69,-0.0399
2003.00,-0.0399
2003.00,-0.1392
2003.00,-0.0658
2003.00,-0.1665
2003.00,-0.0917
2231.44,-0.0917
2231.44,-0.1924
2231.44,-0.0442
2231.44,-0.1435
2231.44,-0.0701
2467.75,-0.0701
2467.75,-0.1694
2467.75,-0.0960
2467.75,-0.1952
2467.75,-0.0471
2704.07,-0.0471
2704.06,-0.1478
2704.07,-0.0730
2704.06,-0.1722
2704.06,-0.0974
2940.38,-0.0974
2940.38,-0.1967
2940.38,-0.0471
2940.38,-0.1464
3176.69,-0.0701
3176.69,-0.1694
3176.69,-0.0960
3405.13,-0.0960
3405.13,-0.1952
3405.13,-0.0428
3405.13,-0.1420
3405.13,-0.0658
3641.44,-0.0658
3641.44,-0.1665
3641.44,-0.0902
3641.44,-0.1895
3641.44,-0.0370
3641.44,-0.1363
3641.44,-0.0600
3877.75,-0.0600
3877.75,-0.1593
3877.75,-0.0830
3877.75,-0.1823
3877.75,-0.1046
4114.07,-0.0269
4114.06,-0.1276
4114.07,-0.0500
4114.06,-0.1493
4350.38,-0.0715
4350.38,-0.1708
4350.38,0.1775
4578.81,0.1775
4578.81,-0.0226
4815.13,-0.0226
4815.13,-0.1219
4815.13,-0.0428
4815.13,-0.1435
4815.13,0.2048
5051.44,0.2048
5051.44,0.0048
5287.75,0.0048
5287.75,-0.1938
5287.75,-0.1162
5524.06,-0.0370
5524.06,-0.1377
5524.06,0.2120
5524.06,0.1127
5752.50,0.1127
5752.50,0.0119
5988.81,0.0119
5988.81,-0.1866
5988.81,-0.0298
6225.13,-0.0298
6225.13,-0.1291
6225.13,0.2192
6225.13,0.1199
6461.44,0.1199
6461.44,-0.0787
6697.75,-0.0787
6697.75,-0.1794
6697.75,0.2494
6697.75,0.1487
6926.19,0.1487
6926.19,-0.0500
7162.50,-0.0500
7162.50,-0.1507
7162.50,-0.0686
7398.81,-0.0686
7398.81,-0.1694
7398.81,-0.0888
7398.81,-0.1895
7398.81,0.1602
7398.81,0.0609
7635.13,0.0609
7635.13,-0.1392
7635.12,-0.0586
7871.44,-0.0586
7871.44,-0.1579
7871.44,0.1919
7871.44,0.0925
8099.87,0.0925
8099.87,-0.0082
8336.19,-0.0082
8336.19,-0.1075
8336.19,-0.0269
8336.19,-0.1262
8336.19,0.2221
8572.50,0.2221
8572.50,0.0234
8808.81,0.0234
8808.81,-0.1766
8808.81,0.1746
9045.13,0.1746
9045.12,-0.0255
9273.56,-0.0255
9273.56,-0.1248
9273.56,-0.0428
9509.87,-0.0428
9509.87,-0.1435
9509.87,-0.0614
9509.87,-0.1608
9509.87,-0.0787
9746.19,-0.0787
9746.19,-0.1794
9746.19,-0.0974
9746.19,-0.1967
9746.19,-0.0312
9982.50,-0.0312
9982.50,-0.1305
9982.50,-0.0485
9982.50,-0.1478
9982.50,-0.0658
10218.81,-0.0658
10218.81,-0.1651
10218.81,-0.0830
10218.81,-0.1823
10218.81,-0.0989
10447.25,-0.0154
10447.25,-0.1147
10447.25,-0.0312
10447.25,-0.1305
10683.56,-0.0471
10683.56,-0.1478
10683.56,-0.0629
10683.56,-0.1622
10683.56,-0.0787
10919.87,-0.0787
10919.87,-0.1780
10919.87,-0.0931
10919.87,-0.1924
11156.19,-0.1090
11156.19,-0.0240
11156.19,-0.1233
11156.19,-0.0384
11392.50,-0.0384
11392.50,-0.1377
11392.50,-0.0528
11392.50,-0.1521
11392.50,-0.0658
11620.93,-0.0658
11620.93,-0.1665
11620.93,-0.0802
11620.93,-0.1809
11620.93,-0.0946
11857.25,-0.0946
11857.25,-0.1938
11857.25,-0.0226
11857.25,-0.1219
11857.25,-0.0356
12093.56,-0.0356
12093.56,-0.1348
12093.56,-0.0485
12093.56,-0.1478
12329.87,-0.0614
12329.87,-0.1608
12329.87,-0.0744
12566.19,-0.0744
12566.19,-0.1737
12566.19,-0.0859
12566.19,-0.1866
12566.19,-0.0111
12794.62,-0.0111
12794.62,-0.1104
12794.62,-0.0240
12794.62,-0.1233
12794.62,-0.0341
13030.93,-0.0341
13030.93,-0.1348
13030.93,-0.0471
13030.93,-0.1464
13030.93,-0.0571
13267.25,-0.0571
13267.25,-0.1565
13267.25,-0.0686
13267.25,-0.5033
13503.56,-0.3262
13503.56,-0.0902
13503.56,-0.1895
13503.56,-0.0111
13503.56,-0.1119
13739.87,-0.0226
13739.87,-0.4557
13739.87,-0.1061
13968.31,-0.0168
13968.31,-0.1162
13968.31,-0.0269
14204.62,-0.0269
14204.62,-0.1262
14204.62,-0.0356
14204.62,-0.4673
14204.62,-0.2931
14440.93,-0.2039
14440.93,-0.0240
14440.93,-0.1233
14440.93,-0.0327
14677.25,-0.0327
14677.25,-0.1320
14677.25,-0.0413
14677.25,-0.1406
14913.56,-0.4716
14913.56,-0.0240
15142.00,-0.0240
15142.00,-0.1248
15142.00,-0.0327
15142.00,-0.1320
15142.00,-0.0399
15378.31,-0.0399
15378.31,-0.4702
15378.31,-0.0183
15614.62,-0.0183
15614.62,-0.1176
15614.62,-0.0269
15614.62,-0.1262
15614.62,-0.0341
15850.93,-0.0341
15850.93,-0.4615
15850.93,-0.0082
16087.25,-0.0082
16087.25,-0.1090
16087.25,-0.0154
16315.68,-0.0154
16315.68,-0.1147
16315.68,-0.0240
16315.68,-0.4500
16315.68,-0.1823
16552.00,-0.0888
16552.00,-0.1895
16552.00,-0.0960
16552.00,-0.1952
16552.00,-0.0082
16788.31,-0.0082
16788.31,-0.4342
16788.31,-0.0730
16788.31,-0.1737
16788.31,-0.0787
17024.62,-0.0787
17024.62,-0.1794
17024.62,-0.0859
17024.62,-0.1852
17260.93,-0.0902
17260.93,-0.5162
17260.93,-0.1694
17489.37,-0.0758
17489.37,-0.1751
17489.37,-0.0802
17489.37,-0.1794
17489.37,-0.0845
17725.68,-0.0845
17725.68,-0.5076
17725.68,-0.0658
17725.68,-0.1665
17725.68,-0.0701
17962.00,-0.0701
17962.00,-0.1694
17962.00,-0.0758
17962.00,-0.1751
18198.31,-0.4975
18198.31,-0.0557
18198.31,-0.1565
18198.31,-0.0600
18434.62,-0.0600
18434.62,-0.1608
18434.62,-0.0629
18434.62,-0.4846
18434.62,-0.1996
18663.06,-0.1032
18663.06,-0.1061
18663.06,-0.0096
18663.06,-0.1090
18663.06,-0.0125
18899.37,-0.0125
18899.37,-0.4328
18899.37,-0.0571
18899.37,-0.1565
18899.37,-0.0600
19135.68,-0.0600
19135.68,-0.1608
19135.68,-0.0629
19371.99,-0.0629
19371.99,-0.4817
19372.00,-0.0960
19372.00,-0.1952
19371.99,0.0005
19608.31,0.0005
19608.31,-0.0989
19608.31,-0.0010
19608.31,-0.4183
19608.31,-0.2384
19836.74,-0.1406
19836.74,-0.0413
19836.74,-0.1406
19836.74,-0.0428
19836.74,-0.1420
20073.06,-0.0428
20073.06,-0.4601
20073.06,-0.0730
20309.37,-0.0730
20309.37,-0.1722
20309.37,-0.0730
20309.37,-0.1737
20309.37,-0.0730
20545.68,-0.0730
20545.68,-0.1737
20545.68,-0.0730
20545.68,-0.4889
20781.99,-0.2917
20781.99,-0.0917
20782.00,-0.1924
20781.99,-0.0917
20782.00,-0.1924
20781.99,-0.0917
21010.43,-0.0917
21010.43,-0.5062
21010.43,-0.0413
21246.74,-0.0413
21246.74,-0.1406
21246.74,-0.0399
21246.74,-0.4543
21246.74,-0.1608
21483.05,-0.0600
21483.06,-0.1608
21483.05,-0.0586
21483.06,-0.1579
21483.05,-0.0571
21719.37,-0.0571
21719.37,-0.1565
21719.37,-0.0557
21719.37,-0.1550
21955.68,-0.4673
21955.68,-0.0672
21955.68,-0.1665
21955.68,-0.0658
21955.68,-0.1651
21955.68,-0.0629
22184.12,-0.0629
22184.12,-0.4730
22184.12,-0.0701
22184.12,-0.1694
22184.12,-0.0658
22420.43,-0.0658
22420.43,-0.1665
22420.43,-0.0629
22420.43,-0.1637
22656.74,-0.4745
22656.74,-0.0672
22656.74,-0.1665
22656.74,-0.0629
22893.05,-0.0629
22893.05,-0.1637
22893.05,-0.0600
22893.05,-0.4687
22893.06,-0.1651
23129.37,-0.0614
23129.37,-0.1608
23129.37,-0.0571
23129.37,-0.1565
23129.37,-0.0528
23357.80,-0.0528
23357.80,-0.4615
23357.80,-0.0528
23357.80,-0.1521
23357.80,-0.0471
23594.12,-0.0471
23594.12,-0.1478
23594.12,-0.0428
23830.43,-0.0428
23830.43,-0.4485
23830.43,-0.0399
23830.43,-0.1406
23830.43,-0.0341
24066.74,-0.0341
24066.74,-0.1348
24066.74,-0.0284
24066.74,-0.4342
24066.74,-0.0269
24066.74,-0.1262
24303.06,-0.0212
24303.06,-0.4256
24303.06,-0.0168
24531.49,-0.0168
24531.49,-0.1162
24531.49,-0.0111
24531.49,-0.1104
24531.49,-0.0039
24767.80,-0.0039
24767.80,-0.4068
24767.80,-0.0010
24767.80,-0.1003
24767.80,0.0076
25004.12,0.0076
25004.12,-0.1924
25240.43,-0.0859
25240.43,-0.4874
25240.43,-0.1694
25476.74,-0.0614
25476.74,-0.1608
25476.74,-0.0528
25476.74,-0.1536
25476.74,-0.0456
25705.18,-0.0456
25705.18,-0.4457
25705.18,-0.0255
25705.18,-0.1248
25705.18,-0.0168
25941.49,-0.0168
25941.49,-0.1176
25941.49,-0.0082
25941.49,-0.4083
25941.49,-0.2111
26177.80,-0.1018
26177.80,0.0062
26177.80,-0.1924
26177.80,-0.0845
26414.12,-0.0845
26414.12,-0.4846
26414.12,-0.0500
26650.43,-0.0500
26650.43,-0.1507
26650.43,-0.0399
26650.43,-0.1406
26650.43,-0.0298
26878.87,-0.0298
26878.87,-0.4284
26878.87,-0.0039
26878.86,-0.1046
26878.87,0.0062
27115.18,0.0062
27115.18,-0.1924
27351.49,-0.4918
27351.49,-0.0500
27351.49,-0.1507
27351.49,-0.0399
27587.80,-0.0399
27587.80,-0.1392
27587.80,-0.0269
27587.80,-0.4241
27587.80,-0.2183
27824.12,-0.1090
27824.12,0.0033
27824.12,-0.1952
27824.12,-0.0845
28052.55,-0.0845
28052.55,-0.4802
28052.55,-0.0370
28288.87,-0.0370
28288.86,-0.1377
28288.87,-0.0255
28288.86,-0.1248
28288.87,-0.0125
28525.18,-0.0125
28525.18,-0.4068
28525.18,-0.0902
28761.49,-0.0902
28761.49,-0.1895
28761.49,-0.0773
28761.49,-0.1766
28761.49,-0.0643
28997.80,-0.0643
28997.80,-0.4572
28997.80,-0.0154
28997.80,-0.1147
28997.80,-0.0010
29226.24,-0.0010
29226.24,-0.3939
29226.24,-0.0773
29462.55,-0.0773
29462.55,-0.1766
29462.55,-0.0629
29462.55,-0.1637
29462.55,-0.0500
29698.87,-0.0500
29698.86,-0.1493
29698.87,-0.0341
29698.86,-0.4256
29935.18,-0.2140
29935.18,0.0148
29935.18,-0.1852
30171.49,-0.0701
30171.49,-0.4601
30171.49,-0.0096
30399.93,-0.0096
30399.93,-0.1090
30399.93,0.0048
30636.24,0.0048
30636.24,-0.4846
30636.24,-0.2571
30872.55,-0.1406
30872.55,-0.0255
30872.55,-0.1248
30872.55,-0.0096
30872.55,-0.3967
31108.86,-0.1895
31108.86,-0.0730
31108.86,-0.1737
31108.86,-0.0571
31345.18,-0.0571
31345.18,-0.1565
31345.18,-0.0399
31345.18,-0.1406
31345.18,-0.0240
31573.61,-0.0240
31573.61,-0.4097
31573.61,-0.0816
31573.61,-0.1809
31573.61,-0.0643
31809.93,-0.0643
31809.93,-0.1637
31809.93,-0.0471
31809.93,-0.1464
32046.24,-0.4328
32046.24,0.0206
32046.24,-0.0787
32282.55,-0.0787
32282.55,-0.1794
32282.55,-0.0614
32282.55,-0.4471
32518.86,-0.2240
32518.86,0.0119
32518.86,-0.0874
32747.30,-0.0874
32747.30,-0.1866
32747.30,-0.0686
32747.30,-0.1694
32983.61,-0.4529
32983.61,0.0090
32983.61,-0.0902
33219.92,-0.0902
33219.93,-0.1895
33219.92,-0.0715
33219.92,-0.4543
33219.93,-0.2269
33456.24,-0.1090
33456.24,0.0119
33456.24,-0.1881
33456.24,-0.0686
33692.55,-0.0686
33692.55,-0.4514
33692.55,0.0148
33920.99,0.0148
33920.99,-0.1838
33920.99,-0.0629
34157.30,-0.0629
34157.30,-0.4457
34157.30,0.0234
34157.30,-0.0758
34393.61,-0.0758
34393.61,-0.1766
34393.61,-0.0557
34629.92,-0.0557
34629.92,-0.4356
34629.92,-0.0888
34629.93,-0.1881
34629.92,-0.0672
34866.24,-0.0672
34866.24,-0.1665
34866.24,-0.0471
34866.24,-0.4256
34866.24,-0.2010
35094.67,-0.0787
35094.67,-0.1794
35094.67,-0.0571
35094.67,-0.1565
35330.99,-0.4356
35330.99,-0.0859
35330.99,-0.1866
35330.99,-0.0643
35567.30,-0.0643
35567.30,-0.1637
35567.30,-0.0413
35567.30,-0.4198
35567.30,-0.1938
35803.61,-0.0730
35803.61,-0.1722
35803.61,-0.0485
35803.61,-0.1478
36039.92,-0.0255
36039.92,-0.4025
36039.92,-0.0571
36268.36,-0.0571
36268.36,-0.1565
36268.36,-0.0341
36268.36,-0.1334
36268.36,-0.0096
36504.67,-0.0096
36504.67,-0.3852
36504.67,-0.0428
36504.67,-0.1420
36740.99,-0.0183
36740.99,-0.1176
36740.99,0.0062
36977.30,0.0062
36977.30,-0.4687
36977.30,-0.1032
37213.61,0.0220
37213.61,-0.1780
37442.05,-0.4529
37442.05,-0.0902
37442.05,-0.1895
37442.05,-0.0658
37678.36,-0.0658
37678.36,-0.1651
37678.36,-0.0399
37678.36,-0.4126
37678.36,-0.1838
37914.67,-0.0586
37914.67,-0.1579
37914.67,-0.0327
37914.67,-0.1320
37914.67,-0.0068
38150.99,-0.0068
38150.99,-0.3781
38150.99,-0.0312
38387.30,-0.0312
38387.30,-0.1305
38387.30,-0.0053
38387.30,-0.3752
38387.30,-0.1550
38615.73,-0.0284
38615.73,-0.1276
38615.73,-0.0010
38615.73,-0.1018
38615.73,0.0263
38852.05,0.0263
38852.05,-0.0730
39088.36,-0.0730
39088.36,-0.4428
39088.36,-0.0773
39088.36,-0.1766
39088.36,-0.0500
39324.67,-0.0500
39324.67,-0.1493
39324.67,-0.0212
39324.67,-0.1219
39560.99,-0.3910
39560.99,-0.0370
39560.99,-0.1363
39560.99,-0.0082
39789.42,-0.0082
39789.42,-0.3766
39789.42,-0.0240
39789.42,-0.1233
39789.42,0.0048
40025.73,0.0048
40025.73,-0.1938
40025.73,-0.0658
40262.05,-0.0658
40262.05,-0.4328
40262.05,-0.0643
40498.36,-0.0643
40498.36,-0.1637
40498.36,-0.0356
40498.36,-0.4011
40498.36,-0.1679
40734.67,-0.0399
40734.67,-0.1392
40734.67,-0.0096
40734.67,-0.1090
40963.11,0.0206
40963.11,-0.0787
41199.42,-0.0787
41199.42,-0.4442
41199.42,-0.0686
41199.42,-0.1694
41199.42,-0.0399
41435.73,-0.0399
41435.73,-0.4039
41435.73,-0.0384
41435.73,-0.1377
41672.05,-0.0082
41672.05,-0.1075
41672.05,0.0234
41908.36,0.0234
41908.36,-0.1766
42136.80,-0.4400
42136.80,-0.0629
42136.80,-0.1622
42136.80,-0.0312
42373.11,-0.0312
42373.11,-0.3939
42373.11,-0.0269
42373.11,-0.1276
42373.11,0.0048
42609.42,0.0048
42609.42,-0.1952
42845.73,-0.4572
42845.73,-0.0730
42845.73,-0.1737
42845.73,-0.0399
43082.05,-0.0399
43082.05,-0.4011
43082.05,-0.0312
43082.05,-0.1305
43082.05,0.0019
43310.48,0.0019
43310.48,-0.0989
43310.48,0.0350
43546.79,0.0350
43546.79,-0.4241
43546.79,-0.0456
43783.11,-0.0456
43783.11,-0.1449
43783.11,-0.0125
43783.11,-0.1119
44019.42,-0.3709
44019.42,-0.0053
44019.42,-0.1046
44019.42,0.0278
44255.73,0.0278
44255.73,-0.1708
44255.73,-0.0370
44255.73,-0.4299
44255.73,-0.1809
44484.17,-0.0471
44484.17,-0.1478
44484.17,-0.0125
44484.17,-0.1119
44720.48,0.0220
44720.48,-0.0787
44956.79,-0.0787
44956.79,-0.4356
44956.79,-0.0485
44956.80,-0.1478
44956.79,-0.0140
45193.11,-0.0140
45193.11,-0.3694
45193.11,0.0005
45429.42,0.0005
45429.42,-0.0989
45429.42,0.0350
45429.42,-0.0643
45657.86,-0.0643
45657.86,-0.4198
45657.85,-0.0356
45657.86,-0.1348
45894.17,0.0019
45894.17,-0.3536
45894.17,0.0148
46130.48,0.0148
46130.48,-0.1852
46130.48,-0.0500
46366.79,-0.0500
46366.79,-0.1493
46366.79,-0.0125
46603.11,-0.0125
46603.11,-0.3665
46603.11,0.0062
46603.11,-0.0931
46831.54,-0.0931
46831.54,-0.1924
46831.54,-0.0557
46831.54,-0.1550
47067.86,-0.4083
47067.86,-0.0226
47067.85,-0.1219
47067.86,0.0148
47304.17,0.0148
47304.17,-0.4356
47540.48,-0.1780
47540.48,-0.0413
47540.48,-0.1406
47540.48,-0.0024
47540.48,-0.3536
47540.48,0.0206
47776.79,0.0206
47776.79,-0.1794
47776.79,-0.0413
48005.23,-0.0413
48005.23,-0.3910
48005.23,-0.0053
48241.54,-0.0053
48241.54,-0.1046
48241.54,0.0335
48241.54,-0.0658
48477.85,-0.0658
48477.86,-0.4155
48477.86,-0.0212
48477.85,-0.1219
48714.17,0.0177
48714.17,-0.0816
48950.48,-0.0816
48950.48,-0.4299
48950.48,-0.0298
48950.48,-0.1305
48950.48,0.0090
49178.92,0.0090
49178.92,-0.0902
49415.23,-0.0902
49415.23,-0.4385
49415.23,-0.0341
49415.23,-0.1348
49415.23,0.0048
49415.23,-0.0946
49651.54,-0.0946
49651.54,-0.4400
49651.54,-0.0356
49887.86,-0.0356
49887.85,-0.1348
49887.86,0.0048
49887.85,-0.0946
50124.17,-0.0946
50124.17,-0.4400
50124.17,-0.0341
50352.60,-0.0341
50352.60,-0.1334
50352.60,0.0076
50352.60,-0.0917
50588.92,-0.0917
50588.92,-0.4371
50588.92,-0.0298
50588.92,-0.1305
50825.23,0.0119
50825.23,-0.0874
51061.54,-0.0874
51061.54,-0.4313
51061.54,-0.0255
51061.54,-0.3680
51297.85,-0.1219
51297.86,0.0220
51297.85,-0.0787
51526.29,-0.0787
51526.29,-0.1780
51526.29,-0.0356
51526.29,-0.3781
51526.29,-0.1276
51762.60,0.0148
51762.60,-0.0845
51998.92,-0.0845
51998.92,-0.1838
51998.92,-0.0399
51998.92,-0.3823
52235.23,-0.1291
52235.23,0.0148
52235.23,-0.0859
52471.54,-0.0859
52471.54,-0.1852
52471.54,-0.0413
52471.54,-0.3823
52471.54,-0.1276
52699.98,0.0162
52699.98,-0.1823
52936.29,-0.0399
52936.29,-0.3795
52936.29,0.0191
53172.60,0.0191
53172.60,-0.1794
53172.60,-0.0356
53408.92,-0.0356
53408.92,-0.3737
53408.92,0.0249
53645.23,0.0249
53645.23,-0.1751
53645.23,-0.0298
53873.67,-0.0298
53873.66,-0.3680
53873.66,0.0292
54109.98,0.0292
54109.98,-0.1694
54346.29,-0.0240
54346.29,-0.3608
54346.29,0.0350
54582.60,0.0350
54582.60,-0.1637
54818.92,-0.4011
54818.92,0.0090
54818.92,-0.0917
55047.35,-0.0917
55047.35,-0.1909
55047.35,-0.0442
55047.35,-0.3809
55283.66,-0.1219
55283.66,0.0249
55283.66,-0.0758
55519.98,-0.0758
55519.98,-0.1751
55519.98,-0.0269
55519.98,-0.3622
55519.98,-0.1090
55756.29,0.0393
55756.29,-0.1608
55992.60,-0.0140
55992.60,-0.3464
55992.60,-0.0960
56221.04,-0.0960
56221.04,-0.1952
56221.04,-0.0485
56221.04,-0.3809
56221.04,0.0278
56457.35,0.0278
56457.35,-0.1722
56457.35,-0.0240
56693.66,-0.0240
56693.66,-0.3565
56693.66,0.0479
56929.98,0.0479
56929.98,-0.1521
56929.98,-0.0039
57166.29,-0.0039
57166.29,-0.3349
57166.29,-0.0859
57394.73,-0.0859
57394.73,-0.1852
57394.72,-0.0370
57394.73,-0.1363
57394.72,0.0134
57631.04,0.0134
57631.04,-0.1866
57867.35,-0.4169
57867.35,0.0062
57867.35,-0.0931
58103.66,-0.0931
58103.66,-0.4227
58103.66,0.0033
58339.98,0.0033
58339.98,-0.1952
58339.98,-0.0456
58568.41,-0.0456
58568.41,-0.3737
58568.41,0.0407
58804.72,0.0407
58804.73,-0.1593
59041.04,-0.3881
59041.04,0.0307
59041.04,-0.0686
59277.35,-0.0686
59277.35,-0.1694
59277.35,-0.0183
59277.35,-0.3449
59513.66,-0.0888
59513.66,-0.1895
59513.66,-0.0384
59742.10,-0.0384
59742.10,-0.3651
59742.10,0.0494
59742.10,-0.0500
59978.41,-0.0500
59978.41,-0.1507
59978.41,0.0019
60214.72,0.0019
60214.73,-0.3248
60214.72,-0.0730
60214.72,-0.1737
60214.72,-0.0212
60451.04,-0.0212
60451.04,-0.3478
60451.04,-0.0888
60451.04,-0.1881
60451.04,-0.0370
60687.35,-0.0370
60687.35,-0.1363
60687.35,0.0177
60687.35,-0.0830
60915.79,-0.0830
60915.79,-0.4068
60915.79,-0.1305
61152.10,0.0234
61152.10,-0.1766
61388.41,-0.0240
61388.41,-0.3464
61388.41,-0.0859
61624.72,-0.0859
61624.72,-0.1866
61624.72,-0.0327
61624.72,-0.1320
61861.04,-0.3565
61861.04,-0.0917
61861.04,-0.1924
61861.04,-0.0384
62089.47,-0.0384
62089.47,-0.1377
62089.47,0.0148
62089.47,-0.0845
62325.79,-0.0845
62325.79,-0.4068
62325.79,0.0278
62325.79,-0.0715
62562.10,-0.0715
62562.10,-0.3939
62562.10,0.0379
62798.41,0.0379
62798.41,-0.1608
62798.41,-0.0053
63034.72,-0.0053
63034.73,-0.3262
63034.72,-0.0701
63263.16,-0.0701
63263.16,-0.1694
63263.16,-0.0140
63263.16,-0.1147
63499.47,-0.3349
63499.47,-0.0744
63499.47,-0.1737
63499.47,-0.0183
63735.79,-0.0183
63735.79,-0.1176
63735.79,0.0379
63735.79,-0.0629
63972.10,-0.0629
63972.10,-0.3809
63972.10,0.0508
64208.41,0.0508
64208.41,-0.3680
64436.85,-0.0960
64436.85,-0.1952
64436.85,-0.0399
64673.16,-0.0399
64673.16,-0.3579
64673.16,-0.0888
64673.16,-0.1881
64673.16,-0.0312
64909.47,-0.0312
64909.47,-0.1305
64909.47,0.0263
64909.47,-0.0730
65145.79,-0.0730
65145.79,-0.3910
65145.79,0.0479
65382.10,0.0479
65382.10,-0.1521
65610.53,-0.3680
65610.53,-0.0946
65610.53,-0.1938
65610.53,-0.0370
65846.85,-0.0370
65846.85,-0.3521
65846.85,-0.0830
65846.85,-0.1823
65846.85,-0.0255
66083.16,-0.0255
66083.16,-0.1248
66083.16,0.0335
66319.47,0.0335
66319.47,-0.3809
66555.79,-0.1018
66555.78,0.0566
66555.79,-0.0428
66784.22,-0.0428
66784.22,-0.3550
66784.22,-0.0830
66784.22,-0.1823
66784.22,-0.0240
67020.53,-0.0240
67020.53,-0.3377
67020.53,-0.0701
67020.53,-0.1694
67256.85,-0.0111
67256.85,-0.1119
67256.85,0.0479
67493.16,0.0479
67493.16,-0.1507
67729.47,-0.3637
67729.47,-0.0874
67729.47,-0.1866
67729.47,-0.0269
67957.91,-0.0269
67957.91,-0.3392
67957.91,-0.0686
67957.91,-0.1694
68194.22,-0.0096
68194.22,-0.3204
68194.22,-0.0571
68430.53,-0.0571
68430.53,-0.1565
68430.53,0.0033
68430.53,-0.0960
68666.85,-0.0960
68666.85,-0.1952
68666.85,-0.0356
68903.16,-0.0356
68903.16,-0.3449
68903.16,-0.0730
68903.16,-0.1737
68903.16,-0.0111
69131.59,-0.0111
69131.59,-0.3219
69131.59,-0.0557
69367.91,-0.0557
69367.91,-0.1565
69367.91,0.0048
69367.91,-0.0946
69604.22,-0.0946
69604.22,-0.4039
69604.22,0.0508
69840.53,0.0508
69840.53,-0.1493
69840.53,0.0134
70076.85,0.0134
70076.85,-0.0859
70305.28,-0.0859
70305.28,-0.3939
70305.28,0.0580
70305.28,-0.0413
70541.59,-0.0413
70541.59,-0.3493
70541.59,-0.0730
70777.91,-0.0730
70777.91,-0.1722
70777.91,-0.0096
70777.91,-0.1090
71014.22,-0.3162
71014.22,-0.0500
71014.22,-0.1507
71014.22,0.0119
71250.53,0.0119
71250.53,-0.3939
71478.97,-0.1018
71478.97,0.0623
71478.97,-0.0370
71715.28,-0.0370
71715.28,-0.3435
71715.28,-0.0672
71715.28,-0.1665
71715.28,-0.0039
71951.59,-0.0039
71951.59,-0.1032
71951.59,0.0609
72187.91,0.0609
72187.91,-0.3421
72424.22,-0.0658
72424.22,-0.1651
72424.22,-0.0010
72652.66,-0.0010
72652.66,-0.3047
72652.65,-0.0399
72652.66,-0.1406
72652.66,0.0249
72888.97,0.0249
72888.97,-0.0758
73125.28,-0.0758
73125.28,-0.3781
73125.28,-0.0888
73125.28,-0.1881
73125.28,-0.0240
73361.59,-0.0240
73361.59,-0.3262
73361.59,-0.0528
73597.91,-0.0528
73597.91,-0.1521
73597.91,0.0119
73597.91,-0.0874
73826.34,-0.0874
73826.34,-0.3881
73826.34,-0.0946
74062.65,-0.0946
74062.65,-0.1938
74062.66,-0.0284
74062.66,-0.3291
74298.97,-0.0543
74298.97,-0.1536
74298.97,0.0119
74535.28,0.0119
74535.28,-0.1866
74535.28,-0.0212
74771.59,-0.0212
74771.59,-0.3219
74771.59,-0.0471
75000.03,-0.0471
75000.03,-0.1478
75000.03,0.0191
75000.03,-0.0802
75236.34,-0.0802
75236.34,-0.3809
75236.34,-0.0859
75472.65,-0.0859
75472.65,-0.1866
75472.66,-0.0183
75472.65,-0.1176
75708.97,-0.3176
75708.97,-0.0428
75708.97,-0.1435
75708.97,0.0234
75945.28,0.0234
75945.28,-0.1766
76173.72,-0.3737
76173.72,-0.0816
76173.72,-0.1809
76173.72,-0.0140
76410.03,-0.0140
76410.03,-0.3119
76410.03,-0.0384
76410.03,-0.1377
76646.34,0.0292
76646.34,-0.0701
76882.65,-0.0701
76882.66,-0.3680
76882.65,-0.0758
77118.97,-0.0758
77118.97,-0.1751
77118.97,-0.0068
77118.97,-0.3032
77118.97,-0.0327
77347.40,-0.0327
77347.40,-0.1320
77347.40,0.0364
77583.72,0.0364
77583.72,-0.3579
77820.03,-0.0686
77820.03,-0.1679
77820.03,0.0005
78056.34,0.0005
78056.34,-0.2931
78056.34,0.0436
78056.34,-0.0557
78292.66,-0.0557
78292.65,-0.1565
78292.66,0.0134
78521.09,0.0134
78521.09,-0.1866
78757.40,-0.3809
78757.40,-0.0816
78757.40,-0.1809
78757.40,-0.0111
78993.72,-0.0111
78993.71,-0.3047
78993.72,-0.0298
78993.72,-0.1305
79230.03,0.0393
79230.03,-0.0600
79466.34,-0.0600
79466.34,-0.3536
79466.34,-0.0629
79466.34,-0.1622
79694.78,0.0090
79694.78,-0.0917
79931.09,-0.0917
79931.09,-0.3838
79931.09,-0.0816
80167.40,-0.0816
80167.40,-0.1809
80167.40,-0.0111
80167.40,-0.3018
80403.72,-0.0269
80403.72,-0.1262
80403.71,0.0436
80640.03,0.0436
80640.03,-0.1550
80868.46,-0.3464
80868.46,-0.0557
80868.46,-0.1550
80868.46,0.0148
81104.78,0.0148
81104.78,-0.1838
81341.09,-0.3737
81341.09,-0.0730
81341.09,-0.1737
81341.09,-0.0010
81577.40,-0.0010
81577.40,-0.2903
81577.40,0.0537
81577.40,-0.0471
81813.71,-0.0471
81813.71,-0.3349
81813.71,-0.0471
82042.15,-0.0471
82042.15,-0.1478
82042.15,0.0249
82278.46,0.0249
82278.46,-0.3622
82514.78,-0.0643
82514.78,-0.1637
82514.78,0.0090
82751.09,0.0090
82751.09,-0.1909
82987.40,-0.3781
82987.40,-0.0744
82987.40,-0.1737
82987.40,-0.0010
83215.84,-0.0010
83215.84,-0.2888
83215.84,0.0566
83215.84,-0.0428
83452.15,-0.0428
83452.15,-0.3291
83452.15,-0.0399
83688.46,-0.0399
83688.46,-0.1406
83688.46,0.0335
83924.78,0.0335
83924.78,-0.3521
84161.09,-0.0557
84161.09,-0.1550
84161.09,0.0191
84389.52,0.0191
84389.53,-0.1794
84625.84,-0.3665
84625.84,-0.0629
84625.84,-0.1637
84625.84,0.0105
84862.15,0.0105
84862.15,-0.0888
85098.46,-0.0888
85098.46,-0.3737
85098.46,-0.0686
85098.46,-0.1679
85098.46,0.0062
85334.78,0.0062
85334.78,-0.0931
85563.21,-0.0931
85563.21,-0.3781
85563.21,-0.0686
85563.21,-0.1694
85563.21,0.0062
85799.52,0.0062
85799.52,-0.0931
86035.84,-0.0931
86035.84,-0.3766
86035.84,-0.0686
86035.84,-0.1679
86272.15,-0.3521
86272.15,-0.0528
86272.15,-0.1521
86272.15,0.0249
86272.15,-0.0758
86508.46,-0.0758
86508.46,-0.3579
86508.46,-0.0557
86736.90,-0.0557
86736.90,-0.1550
86736.90,0.0206
86736.90,-0.0787
86973.21,-0.0787
86973.21,-0.3608
86973.21,-0.0571
87209.52,-0.0571
87209.52,-0.1565
87209.52,0.0191
87209.52,-0.0802
87445.84,-0.0802
87445.84,-0.3608
87445.84,-0.0557
87682.15,-0.0557
87682.15,-0.1565
87682.15,0.0220
87682.15,-0.3363
87682.15,-0.0399
87910.59,-0.0399
87910.59,-0.1406
87910.59,0.0379
87910.59,-0.0629
88146.90,-0.0629
88146.90,-0.3421
88146.90,-0.0428
88383.21,-0.0428
88383.21,-0.1435
88383.21,0.0350
88383.21,-0.0658
88619.52,-0.0658
88619.52,-0.3449
88619.52,-0.0442
88619.52,-0.1435
88619.52,0.0335
88855.84,0.0335
88855.84,-0.0658
89084.27,-0.0658
89084.27,-0.3449
89084.27,-0.0428
89084.27,-0.1435
89084.27,0.0350
89320.59,0.0350
89320.59,-0.0643
89556.90,-0.0643
89556.90,-0.3421
89556.90,-0.0413
89556.90,-0.1406
89793.21,-0.3190
89793.21,-0.0255
89793.21,-0.1248
89793.21,0.0537
90029.52,0.0537
90029.52,-0.0471
90257.96,-0.0471
90257.96,-0.3233
90257.96,-0.0284
90257.96,-0.1276
90257.96,0.0508
90257.96,-0.0500
90494.27,-0.0500
90494.27,-0.3248
90494.27,-0.0284
90730.59,-0.0284
90730.59,-0.1276
90730.59,0.0508
90966.90,0.0508
90966.90,-0.3233
91203.21,-0.0269
91203.21,-0.3032
91203.21,-0.0140
91431.65,-0.0140
91431.65,-0.1133
91431.65,0.0667
91431.65,-0.0341
91667.96,-0.0341
91667.96,-0.3075
91667.96,-0.0168
91904.27,-0.0168
91904.27,-0.1162
91904.27,0.0638
92140.58,0.0638
92140.58,-0.3090
92376.90,-0.0168
92376.90,-0.1162
92376.90,0.0638
92376.90,-0.0370
92605.33,-0.0370
92605.33,-0.3090
92605.33,-0.0154
92841.65,-0.0154
92841.65,-0.1147
92841.65,0.0652
92841.65,-0.2888
92841.65,0.0738
92841.65,-0.0269
93077.96,-0.0269
93077.96,-0.1262
93077.96,0.0537
93314.27,0.0537
93314.27,-0.0456
93550.58,-0.0456
93550.58,-0.3162
93550.58,-0.0197
93550.59,-0.1191
93550.58,0.0609
93779.02,0.0609
93779.02,-0.0384
94015.33,-0.0384
94015.33,-0.3090
94015.33,-0.0140
94015.33,-0.1147
94251.65,-0.2845
94251.65,0.0781
94251.65,-0.0212
94487.96,-0.0212
94487.96,-0.1219
94487.96,0.0609
94487.96,-0.0399
94724.27,-0.0399
94724.27,-0.3090
94724.27,-0.0140
94724.27,-0.1133
94952.71,-0.2830
94952.71,0.0810
94952.71,-0.0183
95189.02,-0.0183
95189.02,-0.1176
95189.02,0.0638
95425.33,0.0638
95425.33,-0.1348
95661.65,-0.3032
95661.65,-0.0096
95661.65,-0.2773
95661.65,-0.0960
95897.96,-0.0960
95897.96,-0.1952
95897.96,-0.0111
96126.39,-0.0111
96126.39,-0.1119
96126.39,0.0710
96126.39,-0.0284
96362.71,-0.0284
96362.71,-0.2960
96362.71,0.0695
96599.02,0.0695
96599.02,-0.0298
96835.33,-0.0298
96835.33,-0.2960
96835.33,0.0695
96835.33,-0.0298
97071.64,-0.0298
97071.65,-0.2960
97071.65,0.0710
97300.08,0.0710
97300.08,-0.0284
97536.39,-0.0284
97536.39,-0.1276
97536.39,0.0551
97536.39,-0.0442
97772.71,-0.0442
97772.71,-0.3104
97772.71,-0.0111
98009.02,-0.0111
98009.02,-0.2773
98009.02,-0.0931
98009.02,-0.1924
98245.33,-0.0082
98245.33,-0.1090
98245.33,0.0767
98473.77,0.0767
98473.77,-0.0240
98710.08,-0.0240
98710.08,-0.2874
98710.08,0.0810
98946.39,0.0810
98946.39,-0.1176
99182.71,-0.2830
99182.71,0.0868
99182.71,-0.0140
99419.02,-0.0140
99419.02,-0.2773
99419.02,-0.0917
99647.45,-0.0917
99647.45,-0.1924
99647.46,-0.0068
99647.46,-0.2701
99883.77,-0.0859
99883.77,-0.1852
99883.77,0.0005
100127.96,0.0005
100127.96,-0.0989
100127.96,0.0868
100127.96,-0.0125
100364.27,-0.0125
100364.27,-0.2758
100364.27,-0.0902
100600.58,-0.0902
100600.58,-0.1895
100600.58,-0.0039
100836.90,-0.0039
100836.90,-0.2658
100836.90,-0.0802
100836.90,-0.1794
100836.90,0.0062
101065.33,0.0062
101065.33,-0.1924
101301.65,-0.3550
101301.65,-0.0370
101301.64,-0.1363
101301.65,0.0508
101537.96,0.0508
101537.96,-0.0500
101774.27,-0.0500
101774.27,-0.3090
101774.27,-0.0068
101774.27,-0.2672
102010.58,-0.0802
102010.58,-0.1794
102010.58,0.0062
102239.02,0.0062
102239.02,-0.0931
102475.33,-0.0931
102475.33,-0.3536
102475.33,-0.0341
102475.33,-0.1334
102475.33,0.0537
102711.64,0.0537
102711.65,-0.0456
102947.96,-0.0456
102947.96,-0.3061
102947.96,-0.0024
102947.96,-0.1018
103184.27,-0.2614
103184.27,-0.0744
103184.27,-0.1737
103184.27,0.0134
103412.71,0.0134
103412.71,-0.1866
103412.71,0.0019
103649.02,0.0019
103649.02,-0.2571
103649.02,-0.0686
103885.33,-0.0686
103885.33,-0.1694
103885.33,0.0191
103885.33,-0.0802
104121.64,-0.0802
104121.64,-0.3377
104121.64,-0.0212
104357.96,-0.0212
104357.96,-0.2802
104357.96,-0.0917
104586.39,-0.0917
104586.39,-0.1909
104586.39,-0.0024
104586.39,-0.1018
104822.71,-0.2600
104822.71,-0.0715
104822.71,-0.1708
104822.71,0.0177
105059.02,0.0177
105059.02,-0.0830
105295.33,-0.0830
105295.33,-0.1823
105295.33,0.0076
105295.33,-0.0917
105531.64,-0.0917
105531.64,-0.3493
105531.64,-0.0269
105531.64,-0.1276
105760.08,-0.2830
105760.08,-0.0931
105760.08,-0.1924
105760.08,-0.0039
105996.39,-0.0039
105996.39,-0.2586
105996.39,-0.0686
106232.71,-0.0686
106232.71,-0.1694
106232.70,0.0206
106232.71,-0.0787
106469.02,-0.0787
106469.02,-0.3349
106469.02,-0.0168
106705.33,-0.0168
106705.33,-0.1176
106705.33,0.0738
106933.77,0.0738
106933.77,-0.1262
107170.08,-0.2802
107170.08,-0.0917
107170.08,-0.1909
107170.08,-0.0010
107406.39,-0.0010
107406.39,-0.2542
107406.39,-0.0643
107406.39,-0.1637
107406.39,0.0249
107642.70,0.0249
107642.70,-0.0744
107879.02,-0.0744
107879.02,-0.3262
107879.02,-0.0111
107879.02,-0.1119
108107.45,-0.2643
108107.45,-0.0730
108107.45,-0.1737
108107.45,0.0177
108343.77,0.0177
108343.77,-0.0830
108580.08,-0.0830
108580.08,-0.1823
108580.08,0.0090
108580.08,-0.0917
108816.39,-0.0917
108816.39,-0.3435
108816.39,-0.0197
109052.70,-0.0197
109052.71,-0.2715
109052.70,-0.0802
109281.14,-0.0802
109281.14,-0.1809
109281.14,0.0105
109281.14,-0.0888
109517.45,-0.0888
109517.45,-0.3392
109517.45,-0.0168
109753.77,-0.0168
109753.77,-0.2672
109753.77,-0.0758
109753.77,-0.1766
109753.77,0.0148
109990.08,0.0148
109990.08,-0.0845
110226.39,-0.0845
110226.39,-0.1838
110226.39,0.0076
110454.83,0.0076
110454.83,-0.1924
110691.14,-0.3421
110691.14,-0.0168
110691.14,-0.2672
110691.14,-0.0758
110927.45,-0.0758
110927.45,-0.1751
110927.45,0.0177
111163.77,0.0177
111163.77,-0.1823
111400.08,-0.3320
111400.08,-0.0111
111400.08,-0.2586
111400.08,-0.0672
111628.51,-0.0672
111628.51,-0.1665
111628.51,0.0263
111628.51,-0.0730
111864.83,-0.0730
111864.83,-0.3219
111864.83,-0.0039
112101.14,-0.0039
112101.14,-0.1046
112101.14,0.0897
112337.45,0.0897
112337.45,-0.2586
112573.77,-0.0658
112573.76,-0.1651
112573.77,0.0278
112802.20,0.0278
112802.20,-0.0715
113038.51,-0.0715
113038.51,-0.3190
113038.51,-0.0010
113038.51,-0.2485
113274.83,-0.0543
113274.83,-0.1536
113274.83,0.0393
113511.14,0.0393
113511.14,-0.0600
113747.45,-0.0600
113747.45,-0.3061
113747.45,0.0062
113747.45,-0.0931
113975.89,-0.0931
113975.89,-0.1924
113975.89,0.0019
114212.20,0.0019
114212.20,-0.2442
114212.20,-0.0514
114212.20,-0.1507
114212.20,0.0436
114448.51,0.0436
114448.51,-0.0557
114684.83,-0.0557
114684.83,-0.3018
114684.83,0.0105
114921.14,0.0105
114921.14,-0.1895
115149.58,-0.3334
115149.58,-0.0082
115149.57,-0.2542
115149.58,-0.0600
115385.89,-0.0600
115385.89,-0.1593
115385.89,0.0364
115622.20,0.0364
115622.20,-0.1637
115858.51,-0.3061
115858.51,0.0090
115858.51,-0.0917
116094.83,-0.0917
116094.83,-0.1909
116094.83,0.0033
116094.83,-0.0960
116323.26,-0.0960
116323.26,-0.3392
116323.26,-0.0111
116559.58,-0.0111
116559.57,-0.2542
116559.58,-0.0586
116795.89,-0.0586
116795.89,-0.1579
116795.89,0.0379
116795.89,-0.0629
117032.20,-0.0629
117032.20,-0.3061
117032.20,0.0105
117268.51,0.0105
117268.51,-0.0888
117496.95,-0.0888
117496.95,-0.3305
117496.95,-0.0039
117496.95,-0.1046
117733.26,0.0925
117733.26,-0.0082
117969.57,-0.0082
117969.57,-0.2500
117969.58,-0.0528
118205.89,-0.1536
118205.89,0.0436
118205.89,-0.0557
118442.20,-0.0557
118442.20,-0.2975
118442.20,0.0162
118670.64,0.0162
118670.64,-0.0830
118906.95,-0.0830
118906.95,-0.3233
118906.95,0.0005
118906.95,-0.0989
119143.26,-0.2384
119143.26,-0.0428
119143.26,-0.1420
119143.26,0.0537
119379.57,0.0537
119379.57,-0.0456
119615.89,-0.0456
119615.89,-0.2859
119615.89,-0.0888
119615.89,-0.1881
119615.89,0.0090
119844.32,0.0090
119844.32,-0.0917
120080.64,-0.0917
120080.64,-0.3305
120080.63,-0.0024
120080.64,-0.1018
120316.95,-0.2413
120316.95,-0.0428
120316.95,-0.1435
120316.95,0.0537
120553.26,0.0537
120553.26,-0.0471
120789.57,-0.0471
120789.57,-0.2845
120789.57,-0.0888
121018.01,-0.0888
121018.01,-0.1881
121018.01,0.0105
121018.01,-0.0888
121254.32,-0.0888
121254.32,-0.3277
121254.32,0.0005
121490.64,0.0005
121490.63,-0.0989
121490.64,0.0997
121726.95,0.0997
121726.95,-0.1003
121963.26,-0.2384
121963.26,-0.0399
121963.26,-0.2773
121963.26,-0.0787
122191.70,-0.0787
122191.70,-0.1780
122191.70,0.0191
122191.70,-0.0802
122428.01,-0.0802
122428.01,-0.3162
122664.32,0.0090
122664.32,-0.0917
122900.63,-0.0917
122900.64,-0.1909
122900.64,0.0076
123136.95,0.0076
123136.95,-0.1924
123365.38,-0.3291
123365.38,0.0019
123365.38,-0.2341
123365.38,-0.0356
123601.70,-0.0356
123601.70,-0.1348
123601.70,0.0638
123838.01,0.0638
123838.01,-0.1348
124074.32,-0.2701
124074.32,-0.0730
124074.32,-0.1722
124074.32,0.0278
124310.64,0.0278
124310.63,-0.0730
124539.07,-0.0730
124539.07,-0.3061
124539.07,0.0148
124539.07,-0.0845
124775.38,-0.0845
124775.38,-0.3176
124775.38,0.0090
125011.70,0.0090
125011.70,-0.0902
125248.01,-0.0902
125248.01,-0.3248
125248.01,0.0048
125248.01,-0.0946
125484.32,-0.0946
125484.32,-0.3291
125712.76,0.0033
125712.76,-0.0960
125949.07,-0.0960
125949.07,-0.1952
125949.07,0.0033
126185.38,0.0033
126185.38,-0.1952
126421.70,-0.3291
126421.70,0.0033
126421.70,-0.0960
126658.01,-0.0960
126658.01,-0.3291
126658.01,0.0048
126886.45,0.0048
126886.45,-0.3277
127122.76,0.0048
127122.76,-0.0946
127359.07,-0.0946
127359.07,-0.3262
127359.07,0.0048
127595.38,0.0048
127595.38,-0.1938
127831.70,-0.3248
127831.70,0.0062
127831.70,-0.0931
128060.13,-0.0931
128060.13,-0.1924
128060.13,0.0090
128296.45,0.0090
128296.44,-0.0917
128532.76,-0.0917
128532.76,-0.3219
128532.76,0.0090
128532.76,-0.0902
128769.07,-0.0902
128769.07,-0.3204
128769.07,0.0105
129005.38,0.0105
129005.38,-0.0888
129233.82,-0.0888
129233.82,-0.3190
129233.82,0.0119
129233.82,-0.0888
129470.13,-0.0888
129470.13,-0.3176
129470.13,0.0134
129706.44,0.0134
129706.44,-0.0859
129942.76,-0.0859
129942.76,-0.3162
129942.76,0.0148
129942.76,-0.0859
130179.07,-0.0859
130179.07,-0.3147
130407.50,0.0148
130407.51,-0.0859
130643.82,-0.0859
130643.82,-0.1852
130643.82,0.0162
130880.13,0.0162
130880.13,-0.1823
131116.44,-0.3104
131116.44,0.0177
131116.44,-0.0830
131352.76,-0.0830
131352.76,-0.3090
131352.76,0.0177
131581.19,0.0177
131581.19,-0.1809
131817.50,-0.3090
131817.50,0.0191
131817.51,-0.0802
132053.82,-0.0802
132053.82,-0.3075
132053.82,0.0206
132290.13,0.0206
132290.13,-0.0787
132526.44,-0.0787
132526.44,-0.3061
132526.44,0.0220
132526.44,-0.0787
132754.88,-0.0787
132754.88,-0.3047
132754.88,0.0220
132991.19,0.0220
132991.19,-0.0773
133227.50,-0.0773
133227.51,-0.1766
133227.50,0.0249
133227.50,-0.0744
133463.82,-0.0744
133463.82,-0.3003
133463.82,0.0249
133700.13,0.0249
133700.13,-0.0744
133928.57,-0.0744
133928.57,-0.3003
133928.57,0.0263
134164.88,0.0263
134164.88,-0.1737
134401.19,-0.2989
134401.19,0.0278
134401.19,-0.0730
134637.50,-0.0730
134637.50,-0.2975
134637.50,0.0278
134873.82,0.0278
134873.82,-0.0715
135102.25,-0.0715
135102.25,-0.2960
135102.25,-0.0917
135102.25,-0.1924
135102.25,0.0119
135338.57,0.0119
135338.57,-0.0888
135574.88,-0.0888
135574.88,-0.3119
135574.88,0.0191
135811.19,0.0191
135811.19,-0.1794
136047.50,-0.3032
136047.50,0.0249
136047.50,-0.0744
136275.94,-0.0744
136275.94,-0.2975
136275.94,0.0278
136512.25,0.0278
136512.25,-0.0715
136748.57,-0.0715
136748.56,-0.1708
136748.57,0.0335
136748.57,-0.0658
136984.88,-0.0658
136984.88,-0.2888
137221.19,-0.0845
137221.19,-0.3061
137221.19,0.0249
137449.63,0.0249
137449.63,-0.0758
137685.94,-0.0758
137685.94,-0.2989
137685.94,0.0292
137685.94,-0.0701
137922.25,-0.0701
137922.25,-0.1694
137922.25,0.0350
138158.57,0.0350
138158.57,-0.0658
138394.88,-0.0658
138394.88,-0.2874
138394.88,-0.0816
138623.31,-0.0816
138623.31,-0.3032
138623.31,0.0278
138623.31,-0.0730
138859.63,-0.0730
138859.63,-0.2931
138859.63,-0.0888
139095.94,-0.0888
139095.94,-0.1881
139095.94,0.0162
139332.25,0.0162
139332.25,-0.0830
139568.57,-0.0830
139568.56,-0.3032
139568.57,0.0278
139568.57,-0.0730
139797.00,-0.0730
139797.00,-0.2917
139797.00,-0.0859
140033.31,-0.0859
140033.31,-0.1866
140033.31,0.0191
140269.63,0.0191
140269.63,-0.0802
140505.94,-0.0802
140505.94,-0.3003
140505.94,0.0292
140505.94,-0.0701
140742.25,-0.0701
140742.25,-0.2903
140742.25,-0.0845
140970.69,-0.0845
140970.69,-0.1838
140970.69,0.0220
141207.00,0.0220
141207.00,-0.0787
141443.31,-0.0787
141443.31,-0.2960
141443.31,-0.0902
141443.31,-0.1895
141443.31,0.0148
141679.63,0.0148
141679.63,-0.0845
141915.94,-0.0845
141915.94,-0.3032
141915.94,0.0292
142144.37,0.0292
142144.38,-0.0701
142380.69,-0.0701
142380.69,-0.2888
142380.69,-0.0830
142380.69,-0.1823
142617.00,-0.3003
142617.00,0.0307
142617.00,-0.0686
142853.31,-0.0686
142853.31,-0.2859
142853.31,-0.0787
143089.63,-0.0787
143089.63,-0.1794
143089.63,0.0278
143318.06,0.0278
143318.06,-0.1722
143554.37,-0.2903
143554.38,-0.0830
143554.37,-0.1823
143554.37,0.0249
143790.69,0.0249
143790.69,-0.0758
144027.00,-0.0758
144027.00,-0.2917
144027.00,-0.0859
144263.31,-0.0859
144263.31,-0.3018
144263.31,0.0307
144263.31,-0.0686
144491.75,-0.0686
144491.75,-0.1694
144491.75,0.0379
144728.06,0.0379
144728.06,-0.0614
144964.37,-0.0614
144964.37,-0.2773
144964.37,-0.0701
145200.69,-0.0701
145200.69,-0.2859
145200.69,-0.0787
145437.00,-0.0787
145437.00,-0.1780
145437.00,0.0278
145437.00,-0.0715
145665.43,-0.0715
145665.44,-0.2874
145665.44,-0.0787
145901.75,-0.0787
145901.75,-0.1794
145901.75,0.0278
146138.06,0.0278
146138.06,-0.0715
146374.37,-0.0715
146374.37,-0.2859
146374.37,-0.0787
146374.37,-0.1780
146610.69,-0.2931
146610.69,-0.0859
146610.69,-0.1852
146610.69,0.0234
146839.12,0.0234
146839.12,-0.0758
147075.43,-0.0758
147075.44,-0.2903
147075.43,-0.0830
147311.75,-0.0830
147311.75,-0.1823
147311.75,0.0249
147311.75,-0.0758
147548.06,-0.0758
147548.06,-0.2888
147784.37,-0.0816
147784.37,-0.2946
147784.37,-0.0874
148012.81,-0.0874
148012.81,-0.1866
148012.81,0.0220
148249.12,0.0220
148249.12,-0.0787
148485.43,-0.0787
148485.44,-0.2903
148485.43,-0.0830
148485.43,-0.1823
148721.75,0.0249
148721.75,-0.0744
148958.06,-0.0744
148958.06,-0.2874
148958.06,-0.0787
149186.50,-0.0787
149186.50,-0.2917
149186.50,-0.0830
149422.81,-0.0830
149422.81,-0.1823
149422.81,0.0249
149659.12,0.0249
149659.12,-0.1737
149895.44,-0.2874
149895.43,-0.0787
149895.43,-0.1780
149895.44,0.0307
150131.75,0.0307
150131.75,-0.0686
150360.18,-0.0686
150360.18,-0.2802
150360.18,-0.0730
150596.50,-0.0730
150596.50,-0.2830
150596.50,-0.0744
150596.50,-0.1737
150832.81,0.0350
150832.81,-0.0658
151069.12,-0.0658
151069.12,-0.2773
151069.12,-0.0672
151305.43,-0.0672
151305.43,-0.2787
151305.43,-0.0686
151533.87,-0.0686
151533.87,-0.1694
151533.87,0.0393
151770.18,0.0393
151770.18,-0.1608
152006.50,-0.2701
152006.50,-0.0614
152006.50,-0.1608
152006.50,0.0479
152242.81,0.0479
152242.81,-0.0514
152479.12,-0.0514
152479.12,-0.2614
152479.12,-0.0528
152707.56,-0.0528
152707.56,-0.2614
152707.56,-0.0528
152943.87,-0.0528
152943.87,-0.1521
152943.87,0.0566
152943.87,-0.0428
153180.18,-0.0428
153180.18,-0.2514
153416.50,-0.0428
153416.50,-0.1420
153416.50,0.0667
153652.81,0.0667
153652.81,-0.0327
153881.24,-0.0327
153881.24,-0.2413
153881.24,-0.0327
154117.56,-0.0327
154117.56,-0.2413
154117.56,-0.0298
154117.56,-0.1305
154353.87,0.0796
154353.87,-0.0212
154590.18,-0.0212
154590.18,-0.2284
154590.18,-0.0183
154826.50,-0.0183
154826.50,-0.2269
154826.50,-0.0168
155054.93,-0.0168
155054.93,-0.1176
155054.93,0.0925
155291.24,0.0925
155291.24,-0.1061
155527.56,-0.2154
155527.56,-0.0039
155527.56,-0.1046
155527.56,0.1055
155763.87,0.1055
155763.87,0.0048
156000.18,0.0048
156000.18,-0.0946
156228.62,-0.0946
156228.62,-0.3018
156228.62,0.0364
156464.93,0.0364
156464.93,-0.1637
156701.24,-0.2701
156701.24,-0.0600
156701.24,-0.1593
156937.56,-0.2658
156937.56,-0.0557
156937.56,-0.1550
156937.56,0.0551
157173.87,0.0551
157173.87,-0.0442
157402.30,-0.0442
157402.31,-0.2514
157402.30,-0.0399
157638.62,-0.0399
157638.62,-0.2471
157638.62,-0.0370
157874.93,-0.0370
157874.93,-0.1363
157874.93,0.0738
157874.93,-0.0255
158111.24,-0.0255
158111.24,-0.2312
158347.56,-0.0212
158347.56,-0.2255
158347.56,-0.0154
158575.99,-0.0154
158575.99,-0.1147
158575.99,0.0969
158812.30,0.0969
158812.30,-0.0039
159048.62,-0.0039
159048.62,-0.2082
159048.62,0.0019
159048.62,-0.0974
159284.93,0.1127
159284.93,0.0134
159521.24,0.0134
159521.24,-0.0859
159749.68,-0.0859
159749.68,-0.2903
159749.68,-0.0802
159985.99,-0.0802
159985.99,-0.2845
159985.99,-0.0730
160222.30,-0.0730
160222.30,-0.1737
160222.30,0.0379
160458.62,0.0379
160458.62,-0.1622
160694.93,-0.2658
160694.93,-0.0557
160694.93,-0.2586
160923.37,-0.0471
160923.36,-0.1478
160923.37,0.0638
161159.68,0.0638
161159.68,-0.0356
161395.99,-0.0356
161395.99,-0.2384
161395.99,-0.0269
161632.30,-0.0269
161632.30,-0.1276
161632.30,0.0839
161632.30,-0.0154
161868.62,-0.0154
161868.62,-0.1147
162097.05,-0.2183
162097.05,-0.0082
162097.05,-0.2096
162333.37,0.0019
162333.37,-0.0989
162333.37,0.1127
162569.68,0.1127
162569.68,0.0134
162805.99,0.0134
162805.99,-0.0859
163042.30,-0.0859
163042.30,-0.2888
163042.30,-0.0773
163270.74,-0.0773
163270.74,-0.2802
163270.74,-0.0686
163270.74,-0.1679
163270.74,0.0436
163507.05,0.0436
163507.05,-0.0557
163743.37,-0.0557
163743.36,-0.2571
163743.37,-0.0456
163979.68,-0.0456
163979.68,-0.2471
163979.68,-0.0356
164215.99,-0.0356
164215.99,-0.1348
164215.99,0.0767
164444.43,0.0767
164444.43,-0.0226
164680.74,-0.0226
164680.74,-0.2240
164680.74,-0.0111
164680.74,-0.1119
164917.05,-0.2125
164917.05,-0.0010
164917.05,-0.1003
164917.05,0.1113
165153.36,0.1113
165153.37,0.0119
165389.68,0.0119
165389.68,-0.0888
165618.11,-0.0888
165618.11,-0.2888
165618.11,-0.0773
165854.43,-0.0773
165854.43,-0.2773
165854.43,-0.0658
166090.74,-0.0658
166090.74,-0.1651
166090.74,0.0479
166090.74,-0.0528
166327.05,-0.0528
166327.05,-0.2528
166563.37,-0.0399
166563.36,-0.1392
166563.36,0.0738
166791.80,0.0738
166791.80,-0.0269
167028.11,-0.0269
167028.11,-0.2255
167028.11,-0.0140
167264.43,-0.0140
167264.43,-0.2125
167264.43,-0.0010
167500.74,-0.0010
167500.74,-0.1003
167500.74,0.1127
167500.74,0.0119
167737.05,0.0119
167737.05,-0.0874
167965.49,-0.0874
167965.49,-0.2874
167965.49,-0.0744
168201.80,-0.0744
168201.80,-0.2730
168201.80,-0.0600
168438.11,-0.0600
168438.11,-0.1608
168438.11,0.0523
168674.43,0.0523
168674.43,-0.0471
168910.74,-0.0471
168910.74,-0.2456
168910.74,-0.0341
169139.17,-0.0341
169139.17,-0.2312
169139.17,-0.0183
169139.18,-0.1176
169375.49,0.0954
169375.49,-0.0039
169611.80,-0.0039
169611.80,-0.2024
169611.80,0.0105
169848.11,0.0105
169848.11,-0.0888
170084.43,-0.0888
170084.43,-0.2874
170084.43,-0.0730
170312.86,-0.0730
170312.86,-0.1737
170312.86,0.0393
170549.17,0.0393
170549.17,-0.0600
170785.49,-0.0600
170785.49,-0.2571
170785.49,-0.0442
170785.49,-0.1435
171021.80,-0.2413
171021.80,-0.0284
171021.80,-0.1276
171021.80,0.0853
171258.11,0.0853
171258.11,-0.0140
171486.55,-0.0140
171486.55,-0.2125
171486.55,0.0019
171722.86,0.0019
171722.86,-0.1952
171722.86,0.0162
171959.17,0.0162
171959.17,-0.0830
172195.49,-0.0830
172195.49,-0.1823
172195.49,0.0307
172431.80,0.0307
172431.80,-0.1679
172660.24,-0.2643
172660.23,-0.0514
172660.24,-0.2471
172896.55,-0.0341
172896.55,-0.1334
172896.55,0.0796
172896.55,-0.0197
173132.86,-0.0197
173132.86,-0.2154
173132.86,-0.0010
173369.17,-0.0010
173369.17,-0.1967
173369.17,0.0162
173605.49,0.0162
173605.49,-0.0830
173833.92,-0.0830
173833.92,-0.1823
173833.92,0.0307
174070.24,0.0307
174070.23,-0.0686
174306.55,-0.0686
174306.55,-0.2643
174306.55,-0.0500
174306.55,-0.1507
174542.86,-0.2456
174542.86,-0.0312
174542.86,-0.1305
174542.86,0.0825
174779.17,0.0825
174779.17,-0.0168
175007.61,-0.0168
175007.61,-0.2125
175007.61,0.0019
175243.92,0.0019
175243.92,-0.1924
175243.92,0.0206
175480.24,0.0206
175480.23,-0.0787
175716.55,-0.0787
175716.55,-0.1794
175716.55,0.0350
175952.86,0.0350
175952.86,-0.0643
176181.30,-0.0643
176181.30,-0.2571
176181.30,-0.0442
176181.30,-0.1435
176417.61,-0.2384
176417.61,-0.0240
176417.61,-0.1233
176417.61,0.0897
176653.92,0.0897
176653.92,-0.0096
176890.23,-0.0096
176890.23,-0.2024
176890.24,0.0119
177126.55,0.0119
177126.55,-0.0888
177354.98,-0.0888
177354.98,-0.2816
177354.98,-0.0672
177591.30,-0.0672
177591.29,-0.2614
177591.30,-0.0471
177827.61,-0.0471
177827.61,-0.1464
177827.61,0.0681
178063.92,0.0681
178063.92,-0.1305
178300.23,-0.2255
178300.24,-0.0111
178300.23,-0.1104
178528.67,-0.2024
178528.67,0.0119
178528.67,-0.0888
178764.98,-0.0888
178764.98,-0.1881
178764.98,0.0249
179001.30,0.0249
179001.30,-0.0744
179237.61,-0.0744
179237.61,-0.2672
179237.61,-0.0528
179473.92,-0.0528
179473.92,-0.2442
179473.92,-0.0298
179702.36,-0.0298
179702.36,-0.1291
179702.36,0.0868
179702.36,-0.0140
179938.67,-0.0140
179938.67,-0.2053
179938.67,0.0090
180174.98,0.0090
180174.98,-0.1895
180411.29,-0.2830
180411.30,-0.0672
180411.30,-0.1665
180411.29,0.0479
180647.61,0.0479
180647.61,-0.0528
180876.04,-0.0528
180876.04,-0.2442
180876.04,-0.0284
181112.36,-0.0284
181112.36,-0.2197
181112.36,-0.0053
181348.67,-0.0053
181348.67,-0.1046
181348.67,0.1098
181584.98,0.1098
181584.98,0.0105
181821.29,0.0105
181821.30,-0.0888
182049.73,-0.0888
182049.73,-0.2802
182049.73,-0.0658
182286.04,-0.0658
182286.04,-0.2571
182286.04,-0.0413
182286.04,-0.1406
182522.36,-0.2312
182522.36,-0.0168
182522.36,-0.1176
182522.36,0.0969
182758.67,0.0969
182758.67,-0.0024
182994.98,-0.0024
182994.98,-0.1924
182994.98,0.0220
183223.42,0.0220
183223.42,-0.0773
183459.73,-0.0773
183459.73,-0.2672
183459.73,-0.0528
183696.04,-0.0528
183696.04,-0.1521
183696.04,0.0623
183932.36,0.0623
183932.36,-0.0370
184168.67,-0.0370
184168.67,-0.2269
184168.67,-0.0111
184397.10,-0.0111
184397.11,-0.1996
184397.10,0.0148
184633.42,0.0148
184633.42,-0.1838
184869.73,0.0307
184869.73,-0.0686
185106.04,-0.0686
185106.04,-0.2571
185106.04,-0.0428
185342.36,-0.0428
185342.36,-0.2312
185342.36,-0.0168
185570.79,-0.0168
185570.79,-0.1162
185570.79,0.0997
185807.10,0.0997
185807.10,-0.0010
186043.42,-0.0010
186043.42,-0.1895
186043.42,0.0263
186279.73,0.0263
186279.73,-0.0730
186516.04,-0.0730
186516.04,-0.2614
186516.04,-0.0471
186744.48,-0.0471
186744.48,-0.2341
186744.48,-0.0197
186980.79,-0.0197
186980.79,-0.1191
186980.79,0.0969
186980.79,-0.0039
187217.10,-0.0039
187217.10,-0.1032
187453.42,-0.1924
187453.42,0.0234
187453.42,-0.0758
187689.73,-0.0758
187689.73,-0.2643
187689.73,-0.0500
187918.17,-0.0500
187918.16,-0.1493
187918.17,0.0667
188154.48,0.0667
188154.48,-0.0341
188390.79,-0.0341
188390.79,-0.2212
188390.79,-0.0053
188627.10,-0.0053
188627.10,-0.1924
188627.10,0.0220
188863.42,0.0220
188863.42,-0.0773
189091.85,-0.0773
189091.85,-0.2643
189091.85,-0.0500
189328.17,-0.0500
189328.16,-0.1493
189328.17,0.0667
189564.48,0.0667
189564.48,-0.1334
189800.79,-0.2212
189800.79,-0.0039
189800.79,-0.1046
190037.10,-0.1909
190037.10,0.0249
190037.10,-0.0758
190265.54,-0.0758
190265.54,-0.1751
190265.54,0.0407
190501.85,0.0407
190501.85,-0.0586
190738.17,-0.0586
190738.16,-0.2442
190738.17,-0.0298
190974.48,-0.0298
190974.48,-0.2154
190974.48,0.0005
191210.79,0.0005
191210.79,-0.1852
191210.79,0.0307
191439.23,0.0307
191439.23,-0.0686
191675.54,-0.0686
191675.54,-0.1694
191675.54,0.0479
191911.85,0.0479
191911.85,-0.0528
192148.17,-0.0528
192148.16,-0.2384
192148.17,-0.0226
192384.48,-0.0226
192384.48,-0.2082
192384.48,0.0076
192384.48,-0.0917
192612.91,-0.0917
192612.91,-0.1924
192612.91,0.0234
192849.23,0.0234
192849.23,-0.0758
193085.54,-0.0758
193085.54,-0.2614
193085.54,-0.0456
193321.85,-0.0456
193321.85,-0.2312
193321.85,-0.0140
193558.16,-0.0140
193558.16,-0.1996
193558.16,0.0148
193786.60,0.0148
193786.60,-0.0845
194022.91,-0.0845
194022.91,-0.1838
194022.91,0.0321
194259.22,0.0321
194259.23,-0.0672
194495.54,-0.0672
194495.54,-0.2514
194495.54,-0.0370
194731.85,-0.0370
194731.85,-0.2212
194731.85,-0.0053
194960.29,-0.0053
194960.29,-0.1046
194960.29,0.1113
195196.60,0.1113
195196.60,-0.0888
195432.91,-0.0888
195432.91,-0.1881
195669.23,-0.2730
195669.22,-0.0557
195669.23,-0.2413
195905.54,-0.0240
195905.54,-0.1248
196133.97,-0.2082
196133.97,0.0062
196133.97,-0.0931
196370.29,-0.0931
196370.29,-0.1924
196370.29,0.0234
196606.60,0.0234
196606.60,-0.0758
196842.91,-0.0758
196842.91,-0.2600
196842.91,-0.0442
197079.22,-0.0442
197079.23,-0.2284
197079.22,-0.0111
197307.66,-0.0111
197307.66,-0.1119
197307.66,0.1055
197543.97,0.1055
197543.97,0.0048
197780.29,0.0048
197780.29,-0.0960
198016.60,-0.0960
198016.60,-0.2773
198016.60,-0.0614
198252.91,-0.0614
198252.91,-0.2442
198252.91,-0.0284
198481.35,-0.0284
198481.35,-0.2111
198481.35,0.0048
198717.66,0.0048
198717.66,-0.0946
198953.97,-0.0946
198953.97,-0.1938
198953.97,0.0220
199190.29,0.0220
199190.29,-0.1766
199426.60,-0.2600
199426.60,-0.0428
199426.60,-0.1435
199655.03,-0.2255
199655.03,-0.0096
199655.03,-0.1909
199891.35,0.0249
199891.35,-0.0744
200127.66,-0.0744
200127.66,-0.1737
200127.66,0.0422
200127.66,-0.0571
200363.97,-0.0571
200363.97,-0.2384
200600.29,-0.0226
200600.29,-0.2053
200600.29,0.0119
200828.72,0.0119
200828.72,-0.0888
201065.03,-0.0888
201065.03,-0.1881
201065.04,0.0278
201301.35,0.0278
201301.35,-0.0715
201537.66,-0.0715
201537.66,-0.2528
201537.66,-0.0370
201773.97,-0.0370
201773.97,-0.2183
201773.97,-0.0010
202002.41,-0.0010
202002.41,-0.1823
202002.41,0.0350
202238.72,0.0350
202238.72,-0.0658
202475.03,-0.0658
202475.03,-0.1651
202475.04,0.0508
202475.03,-0.0500
202711.35,-0.0500
202711.35,-0.2298
202711.35,-0.0140
202947.66,-0.0140
202947.66,-0.1938
202947.66,0.0220
203176.10,0.0220
203176.10,-0.0773
203412.41,-0.0773
203412.41,-0.2571
203412.41,-0.0413
203412.41,-0.1420
203648.72,0.0738
203648.72,-0.0255
203885.03,-0.0255
203885.03,-0.1248
204121.35,-0.2053
204121.35,0.0119
204121.35,-0.0888
204349.78,-0.0888
204349.78,-0.2686
204349.78,-0.0528
204586.10,-0.0528
204586.09,-0.2327
204586.10,-0.0168
204822.41,-0.0168
204822.41,-0.1162
204822.41,0.0997
205058.72,0.0997
205058.72,0.0005
205295.03,0.0005
205295.03,-0.1794
205295.03,0.0379
205523.47,0.0379
205523.47,-0.0629
205759.78,-0.0629
205759.78,-0.2413
205759.78,-0.0255
205996.10,-0.0255
205996.10,-0.2053
205996.09,0.0105
206232.41,0.0105
206232.41,-0.0888
206468.72,-0.0888
206468.72,-0.1895
206468.72,0.0278
206697.16,0.0278
206697.16,-0.0730
206933.47,-0.0730
206933.47,-0.2514
206933.47,-0.0341
206933.47,-0.2140
206933.47,0.0019
207169.78,0.0019
207169.78,-0.0974
207406.10,-0.0974
207406.10,-0.1967
207406.09,0.0191
207642.41,0.0191
207642.41,-0.0802
207870.84,-0.0802
207870.84,-0.2600
207870.84,-0.0428
208107.16,-0.0428
208107.16,-0.2212
208107.16,-0.0053
208343.47,-0.0053
208343.47,-0.1838
208343.47,0.0321
208579.78,0.0321
208579.78,-0.1665
208816.09,0.0494
208816.09,-0.0500
209044.53,-0.0500
209044.53,-0.2284
209044.53,-0.0125
209280.84,-0.0125
209280.84,-0.1909
209280.84,0.0249
209517.16,0.0249
209517.16,-0.0744
209753.47,-0.0744
209753.47,-0.2528
209753.47,-0.0370
209753.47,-0.1363
209989.78,0.0796
209989.78,-0.0197
210218.22,-0.0197
210218.22,-0.1191
210454.53,-0.1967
210454.53,0.0191
210454.53,-0.0802
210690.84,-0.0802
210690.84,-0.2571
210690.84,-0.0413
210927.16,-0.0413
210927.16,-0.2183
210927.16,-0.0024
210927.15,-0.1018
211163.47,0.1127
211163.47,0.0134
211391.90,0.0134
211391.90,-0.0859
211628.22,-0.0859
211628.22,-0.2643
211864.53,-0.0471
211864.53,-0.2255
211864.53,-0.0082
212100.84,-0.0082
212100.84,-0.1852
212100.84,0.0307
212337.16,0.0307
212337.16,-0.0686
212565.59,-0.0686
212565.59,-0.1679
212565.59,0.0479
212801.90,0.0479
212801.90,-0.0514
213038.22,-0.0514
213038.22,-0.2284
213038.22,-0.0125
213038.22,-0.1895
213274.53,0.0278
213274.53,-0.0730
213510.84,-0.0730
213510.84,-0.2485
213510.84,-0.0327
213739.28,-0.0327
213739.28,-0.2082
213739.28,0.0076
213975.59,0.0076
213975.59,-0.0917
214211.90,-0.0917
214211.90,-0.1924
214211.90,0.0249
214448.22,0.0249
214448.22,-0.0758
214684.53,-0.0758
214684.53,-0.2514
214684.53,-0.0356
214912.97,-0.0356
214912.96,-0.2111
214912.97,0.0048
215149.28,0.0048
215149.28,-0.0946
215385.59,-0.0946
215385.59,-0.2701
215385.59,-0.0543
215385.59,-0.1536
215385.59,0.0623
215621.90,0.0623
215621.90,-0.0370
215858.22,-0.0370
215858.22,-0.2125
215858.22,0.0033
216086.65,0.0033
216086.65,-0.0960
216322.97,-0.0960
216322.96,-0.2715
216322.97,-0.0557
216559.28,-0.0557
216559.28,-0.2312
216559.28,-0.0140
216795.59,-0.0140
216795.59,-0.1147
216795.59,0.1026
217031.90,0.1026
217031.90,0.0019
217260.34,0.0019
217260.34,-0.0974
217496.65,-0.0974
217496.65,-0.2730
217496.65,-0.0557
217496.65,-0.2312
217496.65,-0.0140
217732.96,-0.0140
217732.96,-0.1895
217732.96,0.0263
217969.28,0.0263
217969.28,-0.0730
218205.59,-0.0730
218205.59,-0.1737
218205.59,0.0436
218434.02,0.0436
218434.03,-0.0557
218670.34,-0.0557
218670.34,-0.2312
218670.34,-0.0140
218906.65,-0.0140
218906.65,-0.1895
218906.65,0.0278
219142.96,0.0278
219142.96,-0.0730
219379.28,-0.0730
219379.28,-0.2485
219379.28,-0.0312
219607.71,-0.0312
219607.71,-0.1305
219607.71,0.0853
219607.71,-0.0140
219844.02,-0.0140
219844.03,-0.1881
219844.02,0.0278
220080.34,0.0278
220080.34,-0.0715
220316.65,-0.0715
220316.65,-0.2456
220316.65,-0.0298
220552.96,-0.0298
220552.96,-0.2024
220552.96,0.0134
220781.40,0.0134
220781.40,-0.0859
221017.71,-0.0859
221017.71,-0.2600
221017.71,-0.0442
221254.02,-0.0442
221254.03,-0.1435
221254.03,0.0724
221490.34,0.0724
221490.34,-0.1276
221726.65,-0.2010
221726.65,0.0148
221726.65,-0.0845
221955.09,-0.0845
221955.09,-0.2571
221955.09,-0.0413
222191.40,-0.0413
222191.40,-0.2154
222191.40,0.0005
222427.71,0.0005
222427.71,-0.0989
222427.71,0.1156
222664.03,0.1156
222664.02,0.0162
222900.34,0.0162
222900.34,-0.0830
223128.77,-0.0830
223128.77,-0.2571
223128.77,-0.0413
223365.09,-0.0413
223365.09,-0.2154
223365.09,0.0019
223601.40,0.0019
223601.40,-0.1722
223601.40,0.0436
223601.40,-0.0557
223837.71,-0.0557
223837.71,-0.1550
223837.71,0.0609
224074.03,0.0609
224074.02,-0.0399
224302.46,-0.0399
224302.46,-0.2125
224302.46,0.0033
224538.77,0.0033
224538.77,-0.0960
224775.09,-0.0960
224775.09,-0.2701
224775.09,-0.0528
225011.40,-0.0528
225011.40,-0.2269
225011.40,-0.0111
225247.71,-0.0111
225247.71,-0.1838
225247.71,0.0321
225476.15,0.0321
225476.15,-0.0672
225712.46,-0.0672
225712.46,-0.1665
225712.46,0.0479
225712.46,-0.0514
225948.77,-0.0514
225948.77,-0.2240
225948.77,-0.0082
226185.09,-0.0082
226185.09,-0.1809
226185.09,0.0350
226421.40,0.0350
226421.40,-0.0643
226649.83,-0.0643
226649.83,-0.2370
226649.83,-0.0212
226886.15,-0.0212
226886.15,-0.1205
226886.15,0.0954
227122.46,0.0954
227122.46,-0.0039
227358.77,-0.0039
227358.77,-0.1766
227358.77,0.0393
227595.09,0.0393
227595.09,-0.0600
227823.52,-0.0600
227823.52,-0.2312
227823.52,-0.0168
228059.83,-0.0168
228059.83,-0.1881
228059.84,0.0278
228059.83,-0.0715
228296.15,-0.0715
228296.15,-0.2428
228296.15,-0.0269
228532.46,-0.0269
228532.46,-0.1276
228532.46,0.0882
228768.77,0.0882
228768.77,-0.0111
228997.21,-0.0111
228997.21,-0.1823
228997.21,0.0335
229233.52,0.0335
229233.52,-0.0658
229469.83,-0.0658
229469.83,-0.2384
229469.83,-0.0212
229706.15,-0.0212
229706.15,-0.1924
229706.15,0.0220
229942.46,0.0220
229942.46,-0.0773
230170.90,-0.0773
230170.90,-0.1766
230170.89,0.0379
230170.90,-0.0614
230407.21,-0.0614
230407.21,-0.2327
230407.21,-0.0168
230643.52,-0.0168
230643.52,-0.1881
230643.52,0.0278
230879.83,0.0278
230879.83,-0.0730
231116.15,-0.0730
231116.15,-0.2442
231116.15,-0.0284
231344.58,-0.0284
231344.58,-0.1996
231344.58,0.0162
231580.89,0.0162
231580.90,-0.0830
231817.21,-0.0830
231817.21,-0.1823
231817.21,0.0307
232053.52,0.0307
232053.52,-0.0686
232289.83,-0.0686
232289.83,-0.2384
232289.83,-0.0240
232289.83,-0.1938
232518.27,0.0220
232518.27,-0.0787
232754.58,-0.0787
232754.58,-0.2485
232990.89,-0.0341
232990.90,-0.1334
232990.89,0.0825
233227.21,0.0825
233227.21,-0.0168
233463.52,-0.0168
233463.52,-0.1881
233463.52,0.0278
233691.96,0.0278
233691.96,-0.0730
233928.27,-0.0730
233928.27,-0.2428
233928.27,-0.0269
234164.58,-0.0269
234164.58,-0.1967
234164.58,0.0177
234164.58,-0.0816
234400.89,-0.0816
234400.90,-0.1809
234637.21,-0.2514
234637.21,-0.0370
234637.21,-0.1363
234865.64,0.0796
234865.64,-0.0212
235101.96,-0.0212
235101.96,-0.1205
235338.27,-0.1895
235338.27,0.0249
235338.27,-0.0744
235574.58,-0.0744
235574.58,-0.1737
235810.90,-0.2442
235810.89,-0.0298
235810.89,-0.1291
236039.33,-0.1996
236039.33,0.0148
236039.33,-0.0845
236275.64,-0.0845
236275.64,-0.1838
236511.96,-0.2542
236511.96,-0.0399
236511.95,-0.1392
236748.27,0.0753
236748.27,-0.0240
236984.58,-0.0240
236984.58,-0.1938
236984.58,0.0220
237213.02,0.0220
237213.02,-0.0787
237449.33,-0.0787
237449.33,-0.2485
237449.33,-0.0341
237685.64,-0.0341
237685.64,-0.2024
237685.64,0.0119
237921.96,0.0119
237921.95,-0.0874
238158.27,-0.0874
238158.27,-0.1866
238158.27,0.0278
238386.70,0.0278
238386.70,-0.0730
238623.02,-0.0730
238623.02,-0.2413
238623.02,-0.0269
238623.02,-0.1952
238623.02,0.0191
238859.33,0.0191
238859.33,-0.0802
239095.64,-0.0802
239095.64,-0.2485
239095.64,-0.0341
239331.96,-0.0341
239331.95,-0.2024
239331.96,0.0119
239560.39,0.0119
239560.39,-0.0888
239796.70,-0.0888
239796.70,-0.1881
239796.70,0.0263
240033.02,0.0263
240033.02,-0.0730
240269.33,-0.0730
240269.33,-0.2413
240269.33,-0.0269
240505.64,-0.0269
240505.64,-0.1952
240505.64,0.0177
240734.08,0.0177
240734.08,-0.0816
240970.39,-0.0816
240970.39,-0.2514
240970.39,-0.0370
240970.39,-0.1363
241206.70,-0.2053
241206.70,0.0090
241206.70,-0.0902
241443.02,-0.0902
241443.02,-0.1895
241679.33,0.0234
241679.33,-0.0758
241907.77,-0.0758
241907.76,-0.1766
242144.08,-0.2442
242144.08,-0.0298
242144.08,-0.1291
242380.39,-0.1981
242380.39,0.0162
242380.39,-0.0830
242616.70,-0.0830
242616.70,-0.1823
242853.02,-0.2514
242853.02,-0.0370
242853.02,-0.1377
243081.45,-0.2053
243081.45,0.0090
243081.45,-0.0917
243317.77,-0.0917
243317.76,-0.1909
243317.76,0.0234
243554.08,0.0234
243554.08,-0.0758
243790.39,-0.0758
243790.39,-0.2442
243790.39,-0.0298
244026.70,-0.0298
244026.70,-0.1981
244026.70,0.0162
244255.14,0.0162
244255.14,-0.0830
244491.45,-0.0830
244491.45,-0.2514
244491.45,-0.0370
244727.76,-0.0370
244727.76,-0.2053
244727.76,0.0090
244964.08,0.0090
244964.08,-0.0917
245200.39,-0.0917
245200.39,-0.1909
245200.39,0.0220
245200.39,-0.0773
245428.83,-0.0773
245428.83,-0.2442
245665.14,-0.0312
245665.14,-0.1996
245901.45,0.0148
245901.45,-0.0845
246137.76,-0.0845
246137.76,-0.2528
246374.08,-0.0384
246374.08,-0.2053
246602.51,0.0076
246602.51,-0.0917
246838.82,-0.0917
246838.83,-0.1924
246838.82,0.0220
247075.14,0.0220
247075.14,-0.0787
247311.45,-0.0787
247311.45,-0.1780
247547.76,-0.2456
247547.76,-0.0312
247547.76,-0.1996
247547.76,0.0148
247776.20,0.0148
247776.20,-0.0859
248012.51,-0.0859
248012.51,-0.2514
248012.51,-0.0384
248248.82,-0.0384
248248.83,-0.2053
248248.82,0.0090
248485.14,0.0090
248485.14,-0.0917
248721.45,-0.0917
248721.45,-0.1909
248721.45,0.0220
248949.89,0.0220
248949.89,-0.0787
249186.20,-0.0787
249186.20,-0.2442
249186.20,-0.0327
249422.51,-0.0327
249422.51,-0.1996
249422.51,0.0148
249422.51,-0.0859
249658.82,-0.0859
249658.83,-0.2528
249658.82,-0.0399
249887.26,-0.0399
249887.26,-0.1392
249887.26,0.0738
250123.57,0.0738
250123.57,-0.0269
250359.89,-0.0269
250359.89,-0.1924
250596.20,0.0206
250596.20,-0.0787
250832.51,-0.0787
250832.51,-0.2456
251060.95,-0.0327
251060.95,-0.1320
251297.26,-0.1996
251297.26,0.0134
251297.26,-0.0859
251533.57,-0.0859
251533.57,-0.1866
251769.89,-0.2514
251769.89,-0.0384
251769.89,-0.1852
251769.89,0.0278
252006.20,0.0278
252006.20,-0.0730
252234.63,-0.0730
252234.63,-0.1722
252234.64,0.0407
252470.95,0.0407
252470.95,-0.0600
252707.26,-0.0600
252707.26,-0.1593
252707.26,0.2005
252943.57,0.2005
252943.57,0.0997
253179.88,0.0997
253179.89,-0.0010
253408.32,-0.0010
253408.32,-0.1003
253408.32,0.1127
253408.32,0.0134
253644.63,0.0134
253644.63,-0.0859
253880.95,-0.0859
253880.95,-0.1866
253880.95,0.0263
254117.26,0.0263
254117.26,-0.0730
254353.57,-0.0730
254353.57,-0.1737
254353.57,0.0393
254582.01,0.0393
254582.01,-0.0600
254818.32,-0.0600
254818.32,-0.1608
255054.63,0.0523
255054.63,-0.0471
255527.26,-0.0471
255527.26,-0.1478
255527.26,0.0652
255755.69,0.0652
255755.70,-0.0341
255992.01,-0.0341
255992.01,-0.1348
255992.01,0.0767
255992.01,-0.0226
256228.32,-0.0226
256228.32,-0.1881
256228.32,0.0234
256464.63,0.0234
256464.63,-0.0758
256700.95,-0.0758
256700.95,-0.1766
256700.95,0.0364
256929.38,0.0364
256929.38,-0.0629
257165.70,-0.0629
257165.69,-0.2284
257165.69,-0.0168
257402.01,-0.0168
257402.01,-0.1823
257402.01,0.0292
257638.32,0.0292
257638.32,-0.0701
257874.63,-0.0701
257874.63,-0.2356
257874.63,-0.0240
258103.07,-0.0240
258103.07,-0.1895
258339.38,0.0220
258339.38,-0.0773
258575.69,-0.0773
258575.70,-0.1766
258575.69,0.0350
258812.01,0.0350
258812.01,-0.0658
259048.32,-0.0658
259048.32,-0.2312
259048.32,-0.0197
259276.76,-0.0197
259276.76,-0.1852
259276.76,0.0263
259513.07,0.0263
259513.07,-0.0730
259749.38,-0.0730
259749.38,-0.2384
259749.38,-0.0269
259985.69,-0.0269
259985.70,-0.1924
259985.69,0.0177
260222.01,0.0177
260222.01,-0.0816
260450.44,-0.0816
260450.44,-0.1809
260450.44,0.0307
260450.44,-0.0686
260686.75,-0.0686
260686.76,-0.1694
260923.07,-0.2341
260923.07,-0.0226
260923.07,-0.1219
261159.38,-0.1881
261159.38,0.0234
261159.38,-0.0758
261624.13,-0.0758
261624.13,-0.2413
261624.13,-0.0298
261860.44,-0.0298
261860.44,-0.1952
261860.44,0.0148
262096.76,0.0148
262096.75,-0.0859
262333.07,-0.0859
262333.07,-0.1852
262333.07,0.0263
262333.07,-0.0730
262569.38,-0.0730
262569.38,-0.2384
262569.38,-0.0269
262797.82,-0.0269
262797.82,-0.1924
262797.82,0.0177
263034.13,0.0177
263034.13,-0.0816
263270.44,-0.0816
263270.44,-0.2456
263270.44,-0.0356
263506.76,-0.0356
263506.75,-0.1996
263743.07,0.0119
263743.07,-0.0888
263971.50,-0.0888
263971.50,-0.1881
264207.82,-0.2542
264207.82,-0.0428
264207.82,-0.1435
264207.82,0.0667
264444.13,0.0667
264444.13,-0.0327
264680.44,-0.0327
264680.44,-0.1967
264680.44,0.0134
264916.76,0.0134
264916.75,-0.0859
265145.19,-0.0859
265145.19,-0.2514
265145.19,-0.0413
265381.50,-0.0413
265381.50,-0.2053
265381.50,0.0048
265617.82,0.0048
265617.82,-0.0960
265854.13,-0.0960
265854.13,-0.2586
265854.13,-0.0485
266090.44,-0.0485
266090.44,-0.1478
266090.44,0.0609
266318.88,0.0609
266318.88,-0.0384
266555.19,-0.0384
266555.19,-0.2024
266555.19,0.0062
266791.50,0.0062
266791.50,-0.0931
267027.82,-0.0931
267027.82,-0.2571
267027.82,-0.0485
267264.13,-0.0485
267264.13,-0.2125
267264.13,-0.0024
267492.57,-0.0024
267492.56,-0.1665
267492.56,0.0436
267728.88,0.0436
267728.88,-0.0557
267965.19,-0.0557
267965.19,-0.1565
267965.19,0.0537
268201.50,0.0537
268201.50,-0.0471
268437.82,-0.0471
268437.82,-0.2111
268437.82,-0.0010
268666.25,-0.0010
268666.25,-0.1651
268666.25,0.0436
268666.25,-0.0557
268902.56,-0.0557
268902.56,-0.1550
269138.88,-0.2197
269138.88,-0.0111
269375.19,-0.0111
269375.19,-0.1751
269375.19,0.0350
269611.50,0.0350
269611.50,-0.0658
269839.94,-0.0658
269839.94,-0.1651
269839.94,0.0436
270076.25,0.0436
270076.25,-0.0557
270312.56,-0.0557
270312.56,-0.2197
270312.56,-0.0111
270548.88,-0.0111
270548.88,-0.1751
270548.88,0.0350
270785.19,0.0350
270785.19,-0.0658
271013.62,-0.0658
271013.63,-0.2284
271013.62,-0.0197
271013.63,-0.1838
271249.94,0.0249
271249.94,-0.0744
271486.25,-0.0744
271486.25,-0.1737
271722.56,0.0350
271958.88,0.0350
271958.88,-0.0658
272187.31,-0.0658
272187.31,-0.2284
272187.31,-0.0212
272423.62,-0.0212
272423.63,-0.1852
272423.62,0.0234
272659.94,0.0234
272659.94,-0.0758
272896.25,-0.0758
272896.25,-0.2399
272896.25,-0.0312
273132.56,-0.0312
273132.56,-0.1952
273132.56,0.0134
273132.56,-0.0859
273361.00,-0.0859
273361.00,-0.1866
273361.00,0.0234
273597.31,0.0234
273597.31,-0.0758
273833.62,-0.0758
273833.62,-0.1766
274069.94,-0.2413
274069.94,-0.0327
274069.94,-0.1320
274306.25,-0.1967
274306.25,0.0119
274534.69,0.0119
274534.69,-0.0888
274771.00,-0.0888
274771.00,-0.2514
274771.00,-0.0442
275007.31,-0.0442
275007.31,-0.2082
275007.31,0.0005
275243.62,0.0005
275243.62,-0.0989
275243.63,0.1098
275243.62,0.0090
275479.94,0.0090
275479.94,-0.0902
275708.37,-0.0902
275708.37,-0.2542
275944.69,-0.0471
275944.69,-0.1464
276181.00,-0.2111
276181.00,-0.0024
276181.00,-0.1018
276417.31,-0.1665
276417.31,0.0407
276417.31,-0.0586
276882.06,-0.0586
276882.06,-0.2212
276882.06,-0.0140
277118.37,-0.0140
277118.37,-0.1780
277118.37,0.0292
277354.69,0.0292
277354.69,-0.0701
277591.00,-0.0701
277591.00,-0.1694
277591.00,0.0379
277591.00,-0.0629
277827.31,-0.0629
277827.31,-0.2255
278055.75,-0.0183
278055.75,-0.1823
278292.06,0.0249
278292.06,-0.0744
278528.37,-0.0744
278528.37,-0.1737
278764.68,-0.2384
278764.69,-0.0312
279001.00,-0.0312
279001.00,-0.1952
279001.00,0.0119
279229.43,0.0119
279229.43,-0.0888
279465.75,-0.0888
279465.75,-0.1881
279465.75,0.0191
279465.75,-0.0802
279702.06,-0.0802
279702.06,-0.2442
279702.06,-0.0370
279938.37,-0.0370
279938.37,-0.1996
280174.69,0.0076
280174.69,-0.0917
280403.12,-0.0917
280403.12,-0.1924
280639.43,-0.2557
280639.43,-0.0500
280639.43,-0.1493
280875.75,-0.2125
280875.75,-0.0068
281112.06,-0.0068
281112.06,-0.1061
281112.06,0.0997
281348.37,0.0997
281348.37,0.0005
281576.81,0.0005
281576.81,-0.1637
281576.81,0.0436
281576.81,-0.0557
281813.12,-0.0557
281813.12,-0.2197
281813.12,-0.0140
282049.43,-0.0140
282049.43,-0.1766
282285.75,0.0307
282285.75,-0.0686
282522.06,-0.0686
282522.06,-0.1694
282750.49,-0.2341
282750.49,-0.0269
282986.81,-0.0269
282986.81,-0.1262
282986.81,0.0796
283223.12,0.0796
283223.12,-0.0212
283459.43,-0.0212
283459.43,-0.1838
283459.43,0.0220
283695.75,0.0220
283695.75,-0.0787
283924.18,-0.0787
283924.18,-0.2413
283924.18,-0.0356
283924.18,-0.1996
284160.49,0.0076
284160.49,-0.0917
284396.81,-0.0917
284396.81,-0.1924
284633.12,-0.2557
284633.12,-0.0500
284869.43,-0.0500
284869.43,-0.1493
284869.43,0.0566
285097.87,0.0566
285097.87,-0.0428
285334.18,-0.0428
285334.18,-0.2068
285334.18,-0.0010
285570.49,-0.0010
285570.49,-0.1651
285570.49,0.0407
285806.81,0.0407
285806.81,-0.0600
286043.12,-0.0600
286043.12,-0.2212
286043.12,-0.0168
286043.12,-0.1162
286271.56,-0.1794
286271.56,0.0249
286271.55,-0.0744
286744.18,-0.0744
286744.18,-0.1737
286744.18,0.0307
286980.49,0.0307
286980.49,-0.0686
287216.81,-0.0686
287216.81,-0.2327
287216.81,-0.0284
287445.24,-0.0284
287445.24,-0.1909
287445.24,0.0134
287681.56,0.0134
287681.55,-0.0859
287917.87,-0.0859
287917.87,-0.2500
287917.87,-0.0442
288154.18,-0.0442
288154.18,-0.2082
288154.18,-0.0024
288154.18,-0.1018
288390.49,-0.1665
288390.49,0.0379
288618.93,0.0379
288618.93,-0.0614
288855.24,-0.0614
288855.24,-0.1608
288855.24,0.0436
289091.56,0.0436
289091.56,-0.0557
289327.87,-0.0557
289327.87,-0.2197
289327.87,-0.0154
289564.18,-0.0154
289564.18,-0.1780
289564.18,0.0249
289792.62,0.0249
289792.62,-0.0744
290028.93,-0.0744
290028.93,-0.2370
290028.93,-0.0327
290265.24,-0.0327
290265.24,-0.1952
290501.56,0.0090
290501.55,-0.0917
290737.87,-0.0917
290737.87,-0.1909
290737.87,0.0119
290966.30,0.0119
290966.30,-0.0874
291202.62,-0.0874
291202.62,-0.2514
291202.62,-0.0471
291438.93,-0.0471
291438.93,-0.2111
291438.93,-0.0068
291675.24,-0.0068
291675.24,-0.1694
291675.24,0.0335
291911.55,0.0335
291911.56,-0.0658
292139.99,-0.0658
292139.99,-0.1665
292376.30,-0.2284
292376.30,-0.0255
292376.30,-0.1248
292612.61,0.0781
292612.62,-0.0212
292848.93,-0.0212
292848.93,-0.1852
292848.93,0.0177
293085.24,0.0177
293085.24,-0.0816
293313.68,-0.0816
293313.68,-0.2442
293313.68,-0.0413
293549.99,-0.0413
293549.99,-0.2053
293786.30,-0.0010
293786.30,-0.1018
294022.62,-0.1651
294022.61,0.0379
294022.62,-0.0614
294487.36,-0.0614
294487.36,-0.1608
294487.36,0.0407
294487.36,-0.0586
294723.68,-0.0586
294723.68,-0.2212
294723.68,-0.0197
294959.99,-0.0197
294959.99,-0.1823
294959.99,0.0206
295196.30,0.0206
295196.30,-0.0787
295432.62,-0.0787
295432.62,-0.1794
295661.05,-0.2428
295661.05,-0.0399
295897.36,-0.0399
295897.36,-0.2024
295897.36,-0.0010
296133.68,-0.0010
296133.68,-0.1003
296133.68,0.1026
296369.99,0.1026
296369.99,0.0019
296606.30,0.0019
296606.30,-0.1622
296606.30,0.0407
296606.30,-0.0600
296834.74,-0.0600
296834.74,-0.1593
297071.05,-0.2226
297071.05,-0.0212
297071.05,-0.1219
297307.36,-0.1838
297307.36,0.0177
297543.68,0.0177
297543.68,-0.0830
297779.99,-0.0830
297779.99,-0.2442
297779.99,-0.0428
298008.42,-0.0428
298008.42,-0.1435
298008.42,0.0580
298244.74,0.0580
298244.74,-0.0413
298481.05,-0.0413
298481.05,-0.2053
298481.05,-0.0039
298717.36,-0.0039
298717.36,-0.1665
298717.36,0.0350
298953.68,0.0350
298953.68,-0.0658
299182.11,-0.0658
299182.11,-0.2284
299182.11,-0.0269
299418.42,-0.0269
299418.42,-0.1895
299418.42,0.0119
299654.74,0.0119
299654.74,-0.0888
299891.05,-0.0888
299891.05,-0.1881
299891.05,0.0134
300127.36,0.0134
300127.36,-0.0859
300355.80,-0.0859
300355.80,-0.2514
300592.11,-0.0500
300592.11,-0.1493
300828.42,-0.2125
300828.42,-0.0125
300828.42,-0.1119
301064.74,-0.1766
301064.74,0.0249
301064.74,-0.0744
301301.05,-0.0744
301301.05,-0.2384
301301.05,-0.0370
301529.49,-0.0370
301529.49,-0.1377
301529.49,0.0638
301765.80,0.0638
301765.80,-0.0370
302002.11,-0.0370
302002.11,-0.1363
302238.42,-0.1996
302238.42,0.0005
302238.42,-0.0989
302474.74,-0.1637
302474.74,0.0379
302703.17,0.0379
302703.17,-0.0629
302939.49,-0.0629
302939.48,-0.2255
302939.49,-0.0255
303175.80,-0.0255
303175.80,-0.1895
303175.80,0.0119
303175.80,-0.0888
303412.11,-0.0888
303412.11,-0.1881
303412.11,0.0119
303648.42,0.0119
303648.42,-0.0888
304113.17,-0.0888
304113.17,-0.2514
304113.17,-0.0528
304349.49,-0.0528
304349.48,-0.2154
304349.49,-0.0154
304585.80,-0.0154
304585.80,-0.1794
304585.80,0.0206
304822.11,0.0206
304822.11,-0.0787
305050.55,-0.0787
305050.55,-0.2442
305050.55,-0.0442
305286.86,-0.0442
305286.86,-0.1435
305286.86,0.0551
305523.17,0.0551
305523.17,-0.0442
305759.49,-0.0442
305759.48,-0.2082
305759.49,-0.0082
305995.80,-0.0082
305995.80,-0.1722
305995.80,0.0278
306224.23,0.0278
306224.23,-0.0730
306460.55,-0.0730
306460.55,-0.2370
306460.55,-0.0370
306696.86,-0.0370
306696.86,-0.1377
306696.86,0.0609
306933.17,0.0609
306933.17,-0.0384
307397.92,-0.0384
307397.92,-0.2024
307397.92,-0.0039
307634.23,-0.0039
307634.23,-0.1665
307634.23,0.0307
307634.23,-0.0686
307870.55,-0.0686
307870.55,-0.2312
307870.55,-0.0327
308106.86,-0.0327
308106.86,-0.1320
308343.17,-0.1967
308343.17,0.0019
308343.17,-0.0989
308571.61,0.0997
308807.92,0.0997
308807.92,-0.0010
309044.23,-0.0010
309044.23,-0.1637
309044.23,0.0335
309280.55,0.0335
309280.54,-0.0658
309516.86,-0.0658
309516.86,-0.2298
309516.86,-0.0312
309745.29,-0.0312
309745.30,-0.1952
309745.29,0.0019
309981.61,0.0019
309981.61,-0.0974
310217.92,-0.0974
310217.92,-0.2614
310217.92,-0.0629
310454.23,-0.0629
310454.23,-0.1637
310454.23,0.0350
310690.55,0.0350
310690.54,-0.0658
310918.98,-0.0658
310918.98,-0.2298
310918.98,-0.0327
311155.29,-0.0327
311155.29,-0.1952
311391.61,0.0019
311391.61,-0.0989
311627.92,-0.1622
311627.92,0.0350
311864.23,0.0350
311864.23,-0.0658
312092.67,-0.0658
312092.67,-0.2298
312092.67,-0.0327
312092.67,-0.1320
312092.67,0.0652
312328.98,0.0652
312328.98,-0.0341
312565.29,-0.0341
312565.29,-0.1348
312801.61,-0.1996
312801.61,-0.0010
312801.61,-0.1018
313037.92,-0.1665
313037.92,0.0307
313266.36,0.0307
313266.35,-0.0686
313502.67,-0.0686
313502.67,-0.2341
313502.67,-0.0370
313738.98,-0.0370
313738.98,-0.1377
313738.98,0.0595
313738.98,-0.0399
313975.29,-0.0399
313975.29,-0.1406
314211.61,-0.2053
314211.61,-0.0082
314440.04,-0.0082
314440.04,-0.1737
314440.04,0.0234
314676.36,0.0234
314676.35,-0.0758
314912.67,-0.0758
314912.67,-0.2413
314912.67,-0.0442
315148.98,-0.0442
315148.98,-0.2096
315148.98,-0.0140
315385.29,-0.0140
315385.29,-0.1133
315385.29,0.0825
315613.73,0.0825
315613.73,-0.0168
315850.04,-0.0168
315850.04,-0.1162
316086.35,-0.1809
316086.36,0.0148
316086.35,-0.0859
316322.67,-0.0859
316322.67,-0.2500
316322.67,-0.0543
316558.98,-0.0543
316558.98,-0.2183
316558.98,-0.0240
316787.42,-0.0240
316787.42,-0.1881
317023.73,0.0076
317023.73,-0.0917
317496.35,-0.0917
317496.35,-0.1924
317496.35,0.0033
317732.67,0.0033
317732.67,-0.0960
317961.10,-0.0960
317961.10,-0.2614
317961.10,-0.0658
318197.42,-0.0658
318197.42,-0.2312
318197.42,-0.0370
318197.42,-0.1363
318433.73,-0.2010
318433.73,-0.0068
318670.04,-0.0068
318670.04,-0.1061
318670.04,0.0897
318906.35,0.0897
318906.35,-0.0111
319134.79,-0.0111
319134.79,-0.1766
319134.79,0.0177
319371.10,0.0177
319371.10,-0.0816
319607.42,-0.0816
319607.42,-0.2456
319843.73,-0.0514
319843.73,-0.1507
320080.04,-0.2168
320080.04,-0.0226
320308.48,-0.0226
320308.48,-0.1866
320308.48,0.0076
320308.48,-0.0917
320544.79,-0.0917
320544.79,-0.1924
320544.79,0.0019
320781.10,0.0019
320781.10,-0.1637
321017.41,0.0307
321017.41,-0.0686
321482.16,-0.0686
321482.16,-0.2341
321482.16,-0.0413
321718.48,-0.0413
321718.48,-0.2068
321718.48,-0.0125
321954.79,-0.0125
321954.79,-0.1119
321954.79,0.0810
322191.10,0.0810
322191.10,-0.0183
322427.41,-0.0183
322427.42,-0.1838
322427.41,0.0090
322655.85,0.0090
322655.85,-0.0902
322892.16,-0.0902
322892.16,-0.2557
322892.16,-0.0629
323128.48,-0.0629
323128.48,-0.2284
323128.48,-0.0341
323364.79,-0.0341
323364.79,-0.1996
323364.79,-0.0068
323601.10,-0.0068
323601.10,-0.1061
323601.10,0.0868
323829.54,0.0868
323829.54,-0.0125
324302.16,-0.0125
324302.16,-0.1780
324302.16,0.0148
324538.48,0.0148
324538.48,-0.0859
324774.79,-0.0859
324774.79,-0.2514
324774.79,-0.0586
324774.79,-0.2226
325003.22,-0.0298
325003.22,-0.1305
325239.54,0.0623
325475.85,0.0623
325475.85,-0.0370
325712.16,-0.0370
325712.16,-0.2039
325712.16,-0.0111
325948.48,-0.0111
325948.47,-0.1766
325948.48,0.0148
326176.91,0.0148
326176.91,-0.0859
326413.22,-0.0859
326413.22,-0.2514
326649.54,-0.0586
326649.54,-0.1579
326885.85,0.0335
326885.85,-0.0658
327122.16,-0.0658
327122.16,-0.2327
327122.16,-0.0399
327350.60,-0.0399
327350.60,-0.2068
327350.60,-0.0140
327586.91,-0.0140
327586.91,-0.1147
327823.22,-0.1809
327823.22,0.0105
328059.54,0.0105
328059.54,-0.0888
328295.85,-0.0888
328295.85,-0.2557
328295.85,-0.0643
328524.29,-0.0643
328524.28,-0.1637
328524.29,0.0278
328760.60,0.0278
328760.60,-0.0730
328996.91,-0.0730
328996.91,-0.2384
328996.91,-0.0471
329233.22,-0.0471
329233.22,-0.2140
329233.22,-0.0226
329469.54,-0.0226
329469.54,-0.1895
329469.54,0.0019
329697.97,0.0019
329697.97,-0.0989
329697.97,0.0925
329934.28,0.0925
329934.29,-0.0082
330170.60,-0.0082
330170.60,-0.1737
330406.91,0.0177
330406.91,-0.0830
330871.66,-0.0830
330871.66,-0.2500
330871.66,-0.0600
331107.97,-0.0600
331107.97,-0.2255
331107.97,-0.0356
331107.97,-0.1348
331107.97,0.0537
331344.28,0.0537
331344.29,-0.0456
331816.91,-0.0456
331816.91,-0.2125
331816.91,-0.0212
332045.35,-0.0212
332045.35,-0.1895
332045.35,0.0019
332281.66,0.0019
332281.66,-0.1665
332281.66,0.0234
332517.97,0.0234
332517.97,-0.0758
332754.28,-0.0758
332754.29,-0.1766
332754.28,0.0148
332990.60,0.0148
332990.60,-0.0859
333455.35,-0.0859
333455.35,-0.2514
333455.35,-0.0629
333455.35,-0.2298
333455.35,-0.0399
333691.66,-0.0399
333691.66,-0.2082
333691.66,-0.0183
333927.97,-0.0183
333927.97,-0.1176
333927.97,0.0710
334392.72,0.0710
334392.72,-0.0284
334629.03,-0.0284
334629.03,-0.1952
334629.03,-0.0082
334865.35,-0.0082
334865.35,-0.1751
334865.35,0.0134
335101.66,0.0134
335101.66,-0.0859
335337.97,-0.0859
335337.97,-0.2542
335566.41,-0.0658
335802.72,-0.0658
335802.72,-0.2312
335802.72,-0.0428
335802.72,-0.1435
335802.72,0.0436
336039.03,0.0436
336039.03,-0.0557
336275.34,-0.0557
336275.35,-0.2226
336511.66,-0.0341
336511.66,-0.1348
336740.09,-0.2024
336740.09,-0.0140
336976.41,-0.0140
336976.41,-0.1823
336976.41,0.0048
337212.72,0.0048
337212.72,-0.0946
337449.03,-0.0946
337449.03,-0.1938
337449.03,-0.0053
337449.03,-0.1046
337685.34,-0.1737
337685.35,0.0148
337913.78,0.0148
337913.78,-0.0859
338150.09,-0.0859
338150.09,-0.2542
338150.09,-0.0658
338386.41,-0.0658
338386.41,-0.2341
338386.41,-0.0471
338622.72,-0.0471
338622.72,-0.1464
338622.72,0.0407
338859.03,0.0407
338859.03,-0.0586
339323.78,-0.0586
339323.78,-0.2269
339323.78,-0.0399
339560.09,-0.0399
339560.09,-0.2082
339560.09,-0.0212
339796.41,-0.0212
339796.41,-0.1895
339796.41,-0.0024
339796.41,-0.1018
339796.41,0.0853
340032.72,0.0853
340032.72,-0.0140
340497.47,-0.0140
340497.47,-0.1823
340497.47,0.0033
340733.78,0.0033
340733.78,-0.0960
340970.09,-0.0960
340970.09,-0.2643
340970.09,-0.0787
341206.41,-0.0787
341206.41,-0.2471
341434.84,-0.0600
341434.84,-0.1608
341671.16,0.0249
341907.47,0.0249
341907.47,-0.0744
342143.78,-0.0744
342143.78,-0.2428
342143.78,-0.0571
342143.78,-0.2255
342380.09,-0.0399
342380.09,-0.1406
342608.53,-0.2082
342608.53,-0.0226
342844.84,-0.0226
342844.84,-0.1219
342844.84,0.0623
343081.15,0.0623
343081.16,-0.0370
343317.47,-0.0370
343317.47,-0.2053
343317.47,-0.0212
343553.78,-0.0212
343553.78,-0.1895
343782.22,-0.0039
343782.22,-0.1046
344018.53,0.0810
344018.53,-0.0183
344254.84,-0.0183
344254.84,-0.1881
344254.84,-0.0039
344491.15,-0.0039
344491.15,-0.1722
344491.15,0.0119
344727.47,0.0119
344727.47,-0.0874
345192.22,-0.0874
345192.22,-0.2557
345192.22,-0.0715
345428.53,-0.0715
345428.53,-0.1708
345428.53,0.0134
345664.84,0.0134
345664.84,-0.0859
345901.15,-0.0859
345901.15,-0.2557
346129.59,-0.0730
346129.59,-0.1722
346365.90,-0.2413
346365.90,-0.0571
346365.90,-0.2269
346365.90,-0.0428
346602.21,-0.0428
346602.22,-0.1420
346602.21,0.0407
346838.53,0.0407
346838.53,-0.0586
347074.84,-0.0586
347074.84,-0.1579
347303.28,-0.2284
347303.28,-0.0442
347539.59,-0.0442
347539.59,-0.2140
347539.59,-0.0298
347775.90,-0.0298
347775.90,-0.1996
347775.90,-0.0154
348012.21,-0.0154
348012.21,-0.1147
348012.21,0.0667
348012.21,-0.0327
348476.96,-0.0327
348476.96,-0.2024
348476.96,-0.0197
348713.28,-0.0197
348713.28,-0.1895
348713.28,-0.0053
348949.59,-0.0053
348949.59,-0.1766
348949.59,0.0062
349185.90,0.0062
349185.90,-0.0931
349422.21,-0.0931
349650.65,-0.1924
349650.65,-0.0111
349886.96,-0.0111
349886.96,-0.1794
349886.96,0.0019
350123.28,0.0019
350123.27,-0.1679
350123.28,0.0148
350359.59,0.0148
350359.59,-0.0859
350595.90,-0.0859
350595.90,-0.1852
350595.90,-0.0024
350824.34,-0.0024
350824.34,-0.1737
350824.34,0.0090
351060.65,0.0090
351060.65,-0.0917
351296.96,-0.0917
351296.96,-0.2614
351296.96,-0.0787
351533.28,-0.0787
351533.27,-0.1794
351769.59,-0.2500
351769.59,-0.0686
351998.02,-0.0686
351998.02,-0.1679
351998.02,0.0134
352234.34,0.0134
352234.34,-0.0859
352470.65,-0.0859
352470.65,-0.2571
352470.65,-0.0758
352706.96,-0.0758
352706.96,-0.2456
352943.28,-0.0643
352943.27,-0.2356
352943.28,-0.0543
353171.71,-0.0543
353171.71,-0.1536
353171.71,0.0278
353408.02,0.0278
353408.02,-0.0730
353644.34,-0.0730
353644.34,-0.2442
353880.65,-0.0629
353880.65,-0.1637
354116.96,-0.2341
354116.96,-0.0528
354345.40,-0.0528
354345.40,-0.1536
354345.40,0.0278
354581.71,0.0278
354581.71,-0.0730
354818.02,-0.0730
354818.02,-0.2428
354818.02,-0.0629
354818.02,-0.1637
355054.34,-0.2341
355054.34,-0.0528
355290.65,-0.0528
355290.65,-0.2255
355290.65,-0.0456
355519.09,-0.0456
355519.09,-0.1449
355519.08,0.0350
355755.40,0.0350
355755.40,-0.0658
355991.71,-0.0658
355991.71,-0.1651
356228.02,-0.2370
356228.02,-0.0557
356464.34,-0.0557
356464.34,-0.2284
356464.34,-0.0485
356692.77,-0.0485
356692.77,-0.1478
356692.77,0.0307
356692.77,-0.0686
356929.09,-0.0686
356929.08,-0.1694
357165.40,-0.2399
357165.40,-0.0614
357401.71,-0.0614
357401.71,-0.2327
357401.71,-0.0528
357638.02,-0.0528
357638.02,-0.2255
357638.02,-0.0471
357866.46,-0.0471
357866.46,-0.1464
357866.46,0.0335
358102.77,0.0335
358102.77,-0.0658
358575.40,-0.0658
358575.40,-0.2384
358575.40,-0.0600
358811.71,-0.0600
358811.71,-0.2312
358811.71,-0.0528
359040.14,-0.0528
359040.15,-0.1536
359040.15,0.0249
359040.15,-0.0758
359512.77,-0.0758
359512.77,-0.2471
359512.77,-0.0686
359749.08,-0.0686
359749.08,-0.2413
359749.08,-0.0629
359985.40,-0.0629
359985.40,-0.2341
359985.40,-0.0571
360213.83,-0.0571
360213.83,-0.1565
360213.83,0.0206
360686.46,0.0206
360686.46,-0.0787
360922.77,-0.0787
360922.77,-0.2514
360922.77,-0.0744
361159.08,-0.0744
361159.08,-0.2471
361159.08,-0.0686
361387.52,-0.0686
361387.52,-0.1694
361387.52,0.0076
361623.83,0.0076
361623.83,-0.0917
361860.14,-0.0917
361860.15,-0.2643
361860.14,-0.0874
362096.46,-0.0874
362096.46,-0.2600
362096.46,-0.0830
362332.77,-0.0830
362332.77,-0.1823
362561.21,-0.2557
362561.21,-0.0787
362797.52,-0.0787
362797.52,-0.1780
362797.52,-0.0024
363033.83,-0.0024
363033.83,-0.1751
363033.83,0.0019
363270.15,0.0019
363270.14,-0.1722
363270.15,0.0048
363270.14,-0.0960
363734.89,-0.0960
363734.89,-0.1952
363734.89,-0.0197
363971.21,-0.0197
363971.21,-0.1924
363971.21,-0.0168
364207.52,-0.0168
364207.52,-0.1895
364207.52,-0.0140
364443.83,-0.0140
364443.83,-0.1133
364443.83,0.0623
364908.58,0.0623
364908.58,-0.0370
365144.89,-0.0370
365144.89,-0.2111
365144.89,-0.0356
365381.21,-0.0356
365381.21,-0.2096
365381.21,-0.0341
365617.52,-0.0341
365617.52,-0.1348
365853.83,-0.2082
365853.83,-0.0327
365853.83,-0.1320
365853.83,0.0422
366082.27,0.0422
366082.27,-0.0571
366318.58,-0.0571
366318.58,-0.2312
366318.58,-0.0557
366554.89,-0.0557
366554.89,-0.1565
366791.21,-0.2312
366791.21,-0.0557
367027.52,-0.0557
367027.52,-0.1550
367027.52,0.0191
367255.96,0.0191
367255.95,-0.0802
367492.27,-0.0802
367492.27,-0.2542
367492.27,-0.0802
367728.58,-0.0802
367728.58,-0.1794
367964.89,-0.2542
367964.89,-0.0802
367964.89,-0.1794
367964.89,-0.0068
368201.21,-0.0068
368201.21,-0.1809
368201.21,-0.0068
368429.64,-0.0068
368429.64,-0.1809
368665.95,-0.0082
368665.95,-0.1075
368902.27,-0.1823
368902.27,-0.0082
369138.58,-0.0082
369138.58,-0.1090
369138.58,0.0652
369374.89,0.0652
369374.89,-0.0341
369603.33,-0.0341
369603.33,-0.2082
369839.64,-0.0356
370075.95,-0.0356
370075.95,-0.2111
370075.95,-0.0370
370075.95,-0.1377
370075.95,0.0364
370312.27,0.0364
370312.27,-0.0629
370548.58,-0.0629
370548.58,-0.1637
370777.02,-0.2384
370777.02,-0.0658
371013.33,-0.0658
371013.33,-0.2413
371013.33,-0.0686
371249.64,-0.0686
371249.64,-0.1679
371249.64,0.0048
371485.95,0.0048
371485.95,-0.0960
371722.27,-0.0960
371722.27,-0.1952
371950.70,-0.2701
371950.70,-0.0989
371950.70,-0.1737
371950.70,-0.0024
372187.01,-0.0024
372187.01,-0.1018
372187.01,0.0695
372423.33,0.0695
372423.33,-0.0298
372659.64,-0.0298
372659.64,-0.1291
372895.95,-0.2053
372895.95,-0.0327
373124.39,-0.0327
373124.39,-0.2082
373124.39,-0.0370
373360.70,-0.0370
373360.70,-0.1363
373360.70,0.0350
373597.01,0.0350
373597.01,-0.0643
374069.64,-0.0643
374069.64,-0.2413
374069.64,-0.0686
374298.08,-0.0686
374298.08,-0.2456
374298.08,-0.0744
374534.39,-0.0744
374534.39,-0.1737
374534.39,-0.0024
374534.39,-0.1018
374534.39,0.0681
375007.01,0.0681
375007.01,-0.0312
375243.33,-0.0312
375243.33,-0.2082
375243.33,-0.0370
375471.76,-0.0370
375471.76,-0.1377
375471.76,0.0335
375708.08,0.0335
375708.08,-0.0658
376180.70,-0.0658
376180.70,-0.2428
376180.70,-0.0730
376417.01,-0.0730
376417.01,-0.2485
376417.01,-0.0787
376645.45,-0.0787
376645.45,-0.1780
376645.45,-0.0082
376881.76,-0.0082
376881.76,-0.1838
376881.76,-0.0140
377118.08,-0.0140
377118.07,-0.1909
377118.08,-0.0212
377354.39,-0.0212
377354.39,-0.1219
377354.39,0.0479
377590.70,0.0479
377590.70,-0.0514
378055.45,-0.0514
378055.45,-0.2284
378055.45,-0.0600
378291.76,-0.0600
378291.76,-0.2356
378291.76,-0.0672
378528.08,-0.0672
378528.07,-0.1665
378528.08,0.0019
378528.08,-0.0974
378992.82,-0.0974
378992.82,-0.2744
378992.82,-0.1061
378992.82,-0.1838
378992.82,-0.0140
379229.14,-0.0140
379229.14,-0.1147
379229.14,0.0537
379465.45,0.0537
379465.45,-0.0456
379938.08,-0.0456
379938.07,-0.2226
379938.08,-0.0557
380166.51,-0.0557
380166.51,-0.2327
380166.51,-0.0643
380402.82,-0.0643
380402.82,-0.1637
380402.82,0.0048
380639.14,0.0048
380639.14,-0.0960
381111.76,-0.0960
381111.76,-0.2744
381111.76,-0.1046
381111.76,-0.1838
381111.76,-0.0168
381340.20,-0.0168
381340.20,-0.1162
381340.20,0.0508
381576.51,0.0508
381576.51,-0.0485
382049.14,-0.0485
382049.14,-0.2255
382049.14,-0.0586
382285.45,-0.0586
382285.45,-0.2370
382285.45,-0.0701
382513.89,-0.0701
382513.88,-0.1694
382513.88,-0.0024
382986.51,-0.0024
382986.51,-0.1809
382986.51,-0.0140
383222.82,-0.0140
383222.82,-0.1924
383222.82,-0.0255
383222.82,-0.1248
383222.82,0.0407
383459.14,0.0407
383459.14,-0.0586
383923.88,-0.0586
383923.88,-0.2370
383923.88,-0.0701
384160.20,-0.0701
384160.20,-0.2485
384160.20,-0.0830
384396.51,-0.0830
384396.51,-0.1823
384396.51,-0.0168
384861.26,-0.0168
384861.26,-0.1952
384861.26,-0.0298
385097.57,-0.0298
385097.57,-0.2082
385097.57,-0.0428
385333.88,-0.0428
385333.88,-0.1420
385333.88,0.0234
385333.88,-0.0758
385806.51,-0.0758
385806.51,-0.2557
385806.51,-0.0902
386034.94,-0.0902
386034.95,-0.2701
386034.95,0.0609
386271.26,0.0609
386271.26,-0.0384
386743.88,-0.0384
386743.88,-0.2183
386743.88,-0.0528
386980.20,-0.0528
386980.20,-0.2327
386980.20,-0.0672
387208.63,-0.0672
387208.63,-0.1665
387208.63,-0.0024
387444.94,-0.0024
387444.94,-0.1018
387681.26,-0.1823
387681.26,0.0465
387917.57,0.0465
387917.57,-0.0528
388153.88,-0.0528
388153.88,-0.1536
388382.32,-0.2327
388382.32,-0.0686
388618.63,-0.0686
388618.63,-0.2485
388618.63,-0.0845
388854.94,-0.0845
388854.94,-0.1838
388854.94,-0.0212
389091.26,-0.0212
389091.26,-0.2010
389091.26,-0.0370
389556.01,-0.0370
389556.01,-0.2168
389556.01,-0.0528
389792.32,-0.0528
389792.32,-0.1536
389792.32,0.0105
389792.32,-0.0888
390028.63,-0.0888
390028.63,-0.1895
390264.94,-0.2701
390264.94,-0.1075
390264.94,-0.1881
390264.94,-0.0240
390501.26,-0.0240
390501.26,-0.1248
390501.26,0.0379
390729.69,0.0379
390729.69,-0.0614
390966.01,-0.0614
390966.00,-0.2428
391202.32,-0.0787
391438.63,-0.0787
391438.63,-0.2614
391438.63,0.0652
391674.94,0.0652
391674.94,-0.0341
391903.38,-0.0341
391903.38,-0.2154
391903.38,-0.0543
392376.01,-0.0543
392376.01,-0.1536
392376.01,0.0090
392612.32,0.0090
392612.32,-0.0917
392848.63,-0.0917
392848.63,-0.1909
393077.07,-0.2730
393077.07,-0.1104
393077.07,-0.1924
393077.07,-0.0298
393313.38,-0.0298
393313.38,-0.1305
393313.38,0.0307
393549.69,0.0307
393549.69,-0.0686
393786.01,-0.0686
393786.01,-0.2514
394022.32,-0.0888
394250.75,-0.0888
394250.75,-0.2701
394250.75,0.0523
394487.07,0.0523
394487.07,-0.0471
394723.38,-0.0471
394723.38,-0.1478
394959.69,-0.2298
394959.69,-0.0686
395196.01,-0.0686
395196.01,-0.1679
395196.00,-0.0082
395196.01,-0.2514
395196.01,-0.0888
395424.44,-0.0888
395424.44,-0.1895
395424.44,-0.0284
395660.75,-0.0284
395660.75,-0.1276
395897.07,-0.2111
395897.07,-0.0500
396133.38,-0.0500
396133.38,-0.1507
396133.38,0.0105
396369.69,0.0105
396369.69,-0.0888
396598.13,-0.0888
396598.13,-0.2730
396834.44,-0.1119
396834.44,-0.1952
396834.44,-0.0356
397070.75,-0.0356
397070.75,-0.1348
397070.75,0.0249
397307.07,0.0249
397307.07,-0.0758
397543.38,-0.0758
397543.38,-0.1751
397771.82,-0.2571
397771.81,-0.0989
397771.82,-0.1809
397771.81,-0.0212
398008.13,-0.0212
398008.13,-0.1219
398008.13,0.0379
398244.44,0.0379
398244.44,-0.0614
398480.75,-0.0614
398480.75,-0.1608
398717.07,-0.2442
398717.07,-0.0859
398945.50,-0.0859
398945.50,-0.1852
398945.50,-0.0269
399181.81,-0.0269
399181.82,-0.2096
399181.81,-0.0514
399654.44,-0.0514
399654.44,-0.2341
399654.44,-0.0758
399890.75,-0.0758
399890.75,-0.1751
399890.75,-0.0168
400119.19,-0.0168
400119.19,-0.1996
400119.19,-0.0413
400591.81,-0.0413
400591.81,-0.1406
400591.81,0.0162
400828.13,0.0162
400828.13,-0.0830
401064.44,-0.0830
401064.44,-0.2672
401064.44,-0.1090
401292.87,-0.1924
401292.88,-0.0341
401292.87,-0.1348
401529.19,0.0234
401529.19,-0.0758
401765.50,-0.0758
401765.50,-0.2614
401765.50,-0.1018
401765.50,-0.1881
402001.81,-0.0298
402001.81,-0.1291
402001.81,0.0278
402466.56,0.0278
402466.56,-0.0730
402702.88,-0.0730
402702.87,-0.2571
402702.88,0.0566
402939.19,0.0566
402939.19,-0.0428
403411.81,-0.0428
403411.81,-0.2269
403411.81,-0.0701
403640.25,-0.0701
403640.25,-0.2542
403640.25,0.0580
404112.88,0.0580
404112.88,-0.0413
404349.19,-0.0413
404349.19,-0.2255
404349.19,-0.0686
404585.50,-0.0686
404585.50,-0.1694
404585.50,-0.0140
404813.94,-0.0140
404813.94,-0.1133
405050.25,-0.1981
405050.25,-0.0428
405286.56,-0.0428
405286.56,-0.2284
405286.56,-0.0730
405522.88,-0.0730
405522.87,-0.1722
405522.88,-0.0168
405759.19,-0.0168
405759.19,-0.1162
405987.62,-0.2024
405987.62,-0.0471
406223.94,-0.0471
406223.94,-0.1464
406223.94,0.0090
406223.94,-0.0902
406460.25,-0.0902
406460.25,-0.1895
406696.56,-0.2758
406696.56,-0.1219
406696.56,-0.2068
406696.56,-0.0514
406932.88,-0.0514
406932.87,-0.1507
406932.87,0.0033
407161.31,0.0033
407161.31,-0.0960
407397.62,-0.0960
407397.62,-0.1952
407633.94,-0.2830
407633.94,-0.1276
407633.94,-0.2140
407633.94,-0.0600
407870.25,-0.0600
407870.25,-0.1593
407870.25,-0.0039
408106.56,-0.0039
408106.56,-0.1909
408106.56,-0.0370
408335.00,-0.0370
408335.00,-0.1363
408335.00,0.0177
408571.31,0.0177
408571.31,-0.0830
408807.62,-0.0830
408807.62,-0.2686
408807.62,0.0393
409043.94,0.0393
409043.94,-0.0600
409508.68,-0.0600
409508.68,-0.2471
409508.68,-0.0931
409745.00,-0.0931
409745.00,-0.2802
409745.00,0.0263
409981.31,0.0263
409981.31,-0.0730
410453.93,-0.0730
410453.94,-0.2600
410453.94,0.0465
410682.37,0.0465
410682.37,-0.0528
410918.68,-0.0528
410918.68,-0.1536
411155.00,-0.2413
411155.00,-0.0888
411391.31,-0.0888
411391.31,-0.2758
411391.31,0.0292
411627.62,0.0292
411627.62,-0.0701
411856.06,-0.0701
411856.06,-0.1694
412092.37,-0.2571
412092.37,0.0465
412328.68,0.0465
412328.68,-0.0528
412565.00,-0.0528
412565.00,-0.2413
412565.00,-0.0888
412801.31,-0.0888
412801.31,-0.1895
413029.75,-0.2773
413029.75,0.0263
413266.06,0.0263
413266.06,-0.0730
413502.37,-0.0730
413502.37,-0.1737
413738.68,-0.2614
413738.68,0.0407
413975.00,0.0407
413975.00,-0.0586
414203.43,-0.0586
414203.43,-0.2471
414203.43,-0.0960
414439.74,-0.0960
414439.74,-0.1952
414676.06,-0.2830
414676.06,0.0177
414912.37,0.0177
414912.37,-0.0816
415148.68,-0.0816
415148.68,-0.2701
415148.68,0.0307
415613.43,0.0307
415613.43,-0.0686
415849.74,-0.0686
415849.74,-0.2571
415849.75,0.0436
416086.06,0.0436
416086.06,-0.0557
416550.81,-0.0557
416550.80,-0.2456
416550.81,-0.0960
416787.12,-0.0960
416787.12,-0.2845
416787.12,0.0148
417023.43,0.0148
417023.43,-0.0845
417496.06,-0.0845
417496.06,-0.2744
417496.06,0.0249
417724.49,0.0249
417724.49,-0.0744
417960.81,-0.0744
417960.81,-0.1737
418197.12,-0.2643
418197.12,0.0350
418433.43,0.0350
418433.43,-0.0658
418669.74,-0.0658
418669.74,-0.1651
418898.18,-0.2557
418898.18,-0.1061
418898.18,-0.1952
418898.18,-0.0471
419134.49,-0.0471
419134.49,-0.1478
419134.49,0.0019
419370.80,0.0019
419370.81,-0.1895
419370.81,-0.0399
419607.12,-0.0399
419607.12,-0.1406
419843.43,0.0090
420071.87,0.0090
420071.87,-0.0917
420308.18,-0.0917
420308.18,-0.2816
420308.18,-0.1334
420544.49,0.0148
420780.80,0.0148
420780.81,-0.0859
421017.12,-0.0859
421017.12,-0.2758
421017.12,-0.1276
421245.55,-0.2183
421245.55,-0.0715
421245.55,-0.1708
421481.87,-0.0240
421718.18,-0.0240
421718.18,-0.2154
421718.18,-0.0672
421954.49,-0.0672
421954.49,-0.1665
421954.49,-0.0197
422190.80,-0.0197
422190.80,-0.1191
422419.24,-0.2111
422419.24,-0.0629
422655.55,-0.0629
422655.55,-0.1637
422655.55,-0.0168
422655.55,-0.2082
422655.55,-0.0614
422891.87,-0.0614
422891.87,-0.1608
423128.18,-0.2514
423128.18,0.0407
423364.49,0.0407
423364.49,-0.0586
423592.93,-0.0586
423592.93,-0.2514
423592.93,-0.1046
423829.24,0.0422
424065.55,0.0422
424065.55,-0.0571
424301.87,-0.0571
424301.87,-0.2500
424301.87,0.0407
424538.18,0.0407
424538.18,-0.0586
425002.93,-0.0586
425002.93,-0.2500
425002.93,0.0407
425239.24,0.0407
425239.24,-0.0586
425711.87,-0.0586
425711.87,-0.2514
425711.86,-0.1046
425711.87,-0.1981
425711.87,-0.0528
425940.30,-0.0528
425940.30,-0.1536
425940.30,-0.0082
426176.61,-0.0082
426176.61,-0.1996
426412.93,-0.0557
426649.24,-0.0557
426649.24,-0.1550
426649.24,-0.0111
426885.55,-0.0111
426885.55,-0.2024
426885.55,-0.0586
427113.99,-0.0586
427113.99,-0.1579
427113.99,-0.0140
427350.30,-0.0140
427350.30,-0.2068
427350.30,-0.0629
427586.61,-0.0629
427586.61,-0.1637
427586.61,-0.0183
427822.93,-0.0183
427822.93,-0.2125
428059.24,-0.0686
428287.68,-0.0686
428287.67,-0.1679
428287.68,-0.0240
428523.99,-0.0240
428523.99,-0.2183
428523.99,-0.0744
428760.30,-0.0744
428760.30,-0.1737
428996.61,-0.2672
428996.61,0.0191
429232.93,0.0191
429232.93,-0.0802
429461.36,-0.0802
429461.36,-0.2744
429461.36,0.0119
429933.99,0.0119
429933.99,-0.0888
430170.30,-0.0888
430170.30,-0.2816
430170.30,0.0048
430406.61,0.0048
430406.61,-0.0960
430871.36,-0.0960
430871.36,-0.2903
430871.36,-0.0053
431107.68,-0.0053
431107.67,-0.1996
431107.68,-0.0586
431580.30,-0.0586
431580.30,-0.1579
431580.30,-0.0154
431808.74,-0.0154
431808.74,-0.2111
431808.74,-0.0686
432045.05,-0.0686
432045.05,-0.2643
432281.36,-0.1219
432281.36,0.0206
432517.67,0.0206
432517.68,-0.0787
432753.99,-0.0787
432753.99,-0.2744
432982.42,-0.1334
432982.42,0.0090
433218.73,0.0090
433218.74,-0.0917
433455.05,-0.0917
433455.05,-0.2874
433455.05,-0.0039
433691.36,-0.0039
433691.36,-0.1046
433927.67,-0.1996
433927.67,-0.0600
434156.11,-0.0600
434156.11,-0.1593
434156.11,-0.0183
434392.42,-0.0183
434392.42,-0.2140
434392.42,-0.0730
434865.05,-0.0730
434865.05,-0.1737
434865.05,-0.0341
435101.36,-0.0341
435101.36,-0.2284
435101.36,-0.0888
435329.80,-0.0888
435329.80,-0.1895
435566.11,-0.0485
435802.42,-0.0485
435802.42,-0.2442
435802.42,0.0350
436038.74,0.0350
436038.73,-0.0658
436503.48,-0.0658
436503.48,-0.2614
436503.48,-0.1219
436503.48,-0.2183
436503.48,-0.0787
436739.80,-0.0787
436739.80,-0.1780
436739.80,-0.0399
436739.80,-0.2356
436739.80,-0.0974
437212.42,-0.0974
437212.42,-0.1967
437212.42,-0.0571
437448.73,-0.0571
437448.74,-0.2542
437448.73,0.0234
437677.17,0.0234
437677.17,-0.0758
438149.80,-0.0758
438149.80,-0.2744
438149.80,0.0033
438386.11,0.0033
438386.11,-0.0960
438850.86,-0.0960
438850.86,-0.2946
438850.86,-0.0183
439087.17,-0.0183
439087.17,-0.2154
439087.17,-0.0773
439323.48,-0.0773
439323.48,-0.1766
439559.80,-0.0399
439796.11,-0.0399
439796.11,-0.2384
439796.11,0.0379
440024.55,0.0379
440024.54,-0.0629
440497.17,-0.0629
440497.17,-0.2614
440497.17,0.0148
440733.48,0.0148
440733.48,-0.0859
440969.80,-0.0859
440969.80,-0.1852
441198.23,-0.2830
441198.23,-0.0111
441434.54,-0.0111
441434.54,-0.2082
441434.54,-0.0730
441670.86,-0.0730
441670.86,-0.1722
441670.86,-0.0356
441670.86,-0.1348
441907.17,-0.2341
441907.17,0.0379
442143.48,0.0379
442143.48,-0.0614
442371.92,-0.0614
442371.92,-0.2600
442371.92,-0.1248
442608.23,0.0119
442844.54,0.0119
442844.54,-0.0888
443080.86,-0.0888
443080.86,-0.2874
443080.86,-0.0154
443317.17,-0.0154
443317.17,-0.1147
443545.61,-0.2154
443545.61,-0.0802
443781.92,-0.0802
443781.92,-0.1794
443781.92,-0.0442
443781.92,-0.2442
443781.92,0.0249
444018.23,0.0249
444018.23,-0.0744
444490.86,-0.0744
444490.86,-0.2744
444490.86,-0.0039
444719.29,-0.0039
444719.29,-0.2053
444719.29,-0.0701
445191.92,-0.0701
445191.92,-0.2701
445191.92,-0.0010
445428.23,-0.0010
445428.23,-0.2024
445428.23,-0.0672
445664.54,-0.0672
445664.54,-0.1665
445664.54,-0.0341
445892.98,-0.0341
445892.98,-0.2341
445892.98,0.0335
446129.29,0.0335
446129.29,-0.0658
446365.60,-0.0658
446365.61,-0.1665
446365.60,-0.0327
446838.23,-0.0327
446838.23,-0.2327
446838.23,0.0335
447066.67,0.0335
447066.67,-0.0658
447539.29,-0.0658
447539.29,-0.2672
447539.29,-0.0024
447775.60,-0.0024
447775.61,-0.2039
447775.60,-0.0715
448011.92,-0.0715
448011.92,-0.1708
448011.92,-0.0384
448011.92,-0.1377
448240.35,-0.2413
448240.35,0.0249
448476.67,0.0249
448476.66,-0.0758
448712.98,-0.0758
448712.98,-0.2773
448949.29,-0.1449
448949.29,-0.0140
449185.60,-0.0140
449185.61,-0.2154
449185.60,-0.0830
449414.04,-0.0830
449414.04,-0.1823
449414.04,-0.0514
449886.67,-0.0514
449886.67,-0.2542
449886.67,0.0090
450122.98,0.0090
450122.98,-0.0902
450359.29,-0.0902
450359.29,-0.1895
450587.73,-0.2931
450587.73,-0.0298
450824.04,-0.0298
450824.04,-0.2341
450824.04,0.0278
451060.35,0.0278
451060.35,-0.0715
451532.98,-0.0715
451532.98,-0.2744
451532.98,-0.0140
451761.41,-0.0140
451761.41,-0.2168
451761.41,-0.0859
452234.04,-0.0859
452234.04,-0.1866
452234.04,-0.0557
452470.35,-0.0557
452470.35,-0.2586
452470.35,0.0019
452935.10,0.0019
452935.10,-0.2024
452935.10,-0.0730
453171.41,-0.0730
453171.41,-0.1722
453171.41,-0.0428
453407.73,-0.0428
453407.73,-0.1420
453644.04,-0.2456
453644.04,0.0119
453880.35,0.0119
453880.35,-0.0874
454108.79,-0.0874
454108.79,-0.2903
454108.79,-0.1608
454345.10,-0.0327
454581.41,-0.0327
454581.41,-0.2370
454581.41,0.0206
454817.73,0.0206
454817.73,-0.0787
455054.04,-0.0787
455054.04,-0.1794
455282.47,-0.2830
455282.48,-0.0269
455518.79,-0.0269
455518.79,-0.1262
455518.79,0.0019
455755.10,0.0019
455755.10,-0.0974
455991.41,-0.2024
455991.41,-0.0744
456227.73,-0.0744
456227.73,-0.1737
456227.73,-0.0456
456456.16,-0.0456
456456.16,-0.2514
456692.47,-0.1233
456692.47,0.0048
456928.79,0.0048
456928.79,-0.0960
457165.10,-0.0960
457165.10,-0.3003
457165.10,-0.0960
457629.85,-0.0960
457629.85,-0.3003
457629.85,-0.0960
457866.16,-0.0960
457866.16,-0.1952
457866.16,-0.0686
458338.79,-0.0686
458338.79,-0.2744
458338.79,-0.0212
458575.10,-0.0212
458575.10,-0.2269
458575.10,0.0263
458803.53,0.0263
458803.54,-0.0730
459276.16,-0.0730
459276.16,-0.2802
459276.16,-0.0269
459512.47,-0.0269
459512.47,-0.2341
459512.47,-0.1090
459748.79,0.0177
459977.22,0.0177
459977.22,-0.0816
460213.53,-0.0816
460213.54,-0.2874
460213.54,-0.1622
460449.85,-0.0370
460686.16,-0.0370
460686.16,-0.1363
460686.16,-0.0111
460922.47,-0.0111
460922.47,-0.2183
460922.47,-0.0917
461150.91,-0.0917
461150.91,-0.1924
461387.22,-0.0672
461623.53,-0.0672
461623.54,-0.2744
461623.53,-0.0240
461859.85,-0.0240
461859.85,-0.1248
462096.16,-0.2327
462096.16,0.0162
462324.60,0.0162
462324.60,-0.0830
462560.91,-0.0830
462560.91,-0.1823
462797.22,-0.2903
462797.22,-0.0413
463033.53,-0.0413
463033.54,-0.2500
463033.53,-0.0010
463269.85,-0.0010
463269.85,-0.1018
463269.85,0.0220
463734.60,0.0220
463734.60,-0.0773
463970.91,-0.0773
463970.91,-0.2845
463970.91,-0.0384
464443.53,-0.0384
464443.53,-0.2456
464443.53,0.0005
464671.97,0.0005
464671.97,-0.2082
464671.97,-0.0845
464908.28,-0.0845
464908.28,-0.1838
464908.28,-0.0614
465144.60,-0.0614
465144.60,-0.2701
465144.60,-0.0240
465380.91,-0.0240
465380.91,-0.1248
465380.91,-0.0010
465617.22,-0.0010
465617.22,-0.1018
465845.66,-0.2111
465845.66,-0.0888
466081.97,-0.0888
466081.97,-0.1881
466081.97,-0.0658
466318.28,-0.0658
466318.28,-0.2744
466554.60,-0.1536
466554.60,-0.0298
466790.91,-0.0298
466790.91,-0.2413
466790.91,0.0033
467019.34,0.0033
467019.34,-0.0960
467491.97,-0.0960
467491.97,-0.3061
467491.97,0.0119
467728.28,0.0119
467728.28,-0.0874
468193.03,-0.0874
468193.03,-0.2975
468193.03,0.0177
468429.34,0.0177
468429.34,-0.0830
468665.66,-0.0830
468665.66,-0.1823
468901.97,-0.2931
468901.97,-0.0514
469138.28,-0.0514
469138.28,-0.2614
469138.28,-0.0212
469366.72,-0.0212
469366.72,-0.1205
469603.03,-0.2312
469603.03,0.0090
469839.34,0.0090
469839.34,-0.0902
470075.66,-0.0902
470075.66,-0.1895
470311.97,-0.3018
470311.97,0.0119
470540.40,0.0119
470540.41,-0.0888
470776.72,-0.0888
470776.72,-0.3003
471013.03,-0.1075
471013.03,0.0119
471249.34,0.0119
471249.34,-0.0874
471485.66,-0.0874
471485.66,-0.2989
471485.66,-0.1090
471714.09,0.0119
471950.40,0.0119
471950.40,-0.0888
472186.72,-0.0888
472186.72,-0.3003
472186.72,-0.1090
472423.03,-0.2212
472423.03,0.0148
472659.34,0.0148
472659.34,-0.0845
472887.78,-0.0845
472887.78,-0.1838
472887.78,-0.0658
473360.40,-0.0658
473360.40,-0.2773
473360.40,-0.0399
473596.72,-0.0399
473596.72,-0.2528
473596.72,-0.0168
473833.03,-0.0168
473833.03,-0.1176
474061.47,-0.2298
474061.47,0.0048
474297.78,0.0048
474297.78,-0.0946
474534.09,-0.0946
474534.09,-0.1938
474770.40,-0.0758
475006.72,-0.0758
475006.72,-0.2903
475006.72,-0.0557
475235.15,-0.0557
475235.15,-0.1550
475471.47,-0.2672
475471.47,-0.0341
475707.78,-0.0341
475707.78,-0.2471
475707.78,-0.0140
475944.09,-0.0140
475944.09,-0.1133
475944.09,0.0019
476408.84,0.0019
476408.84,-0.2111
476408.84,-0.0960
476645.15,-0.0960
476645.15,-0.1952
476645.15,-0.0787
476645.15,-0.2931
476881.46,-0.1766
476881.47,-0.0600
477117.78,-0.0600
477117.78,-0.1608
477117.78,-0.0442
477354.09,-0.0442
477354.09,-0.2586
477354.09,-0.1435
477582.53,-0.0269
477818.84,-0.0269
477818.84,-0.2413
477818.84,-0.0111
478055.15,-0.0111
478055.15,-0.2255
478055.15,0.0033
478527.78,0.0033
478527.78,-0.0960
478756.21,-0.0960
478756.21,-0.1952
478756.21,-0.0816
478756.21,-0.2960
478756.21,-0.1809
478992.53,-0.0672
479228.84,-0.0672
479228.84,-0.2816
479228.84,-0.0528
479465.15,-0.0528
479465.15,-0.1521
479465.15,-0.0384
479929.90,-0.0384
479929.90,-0.2542
479929.90,-0.0255
480166.21,-0.0255
480166.21,-0.2413
480166.21,-0.0140
480402.53,-0.0140
480402.53,-0.1147
480638.84,-0.0010
480875.15,-0.0010
480875.15,-0.2168
480875.15,0.0105
481103.59,0.0105
481103.59,-0.0888
481576.21,-0.0888
481576.21,-0.3061
481576.21,-0.0111
481812.53,-0.0111
481812.53,-0.1104
482048.84,-0.2269
482048.84,-0.0010
482277.27,-0.0010
482277.27,-0.2183
482277.27,0.0062
482513.59,0.0062
482513.59,-0.0931
482986.21,-0.0931
482986.21,-0.1924
482986.21,-0.0816
483222.53,-0.0816
483222.53,-0.2975
483450.96,-0.1176
483450.96,-0.0068
483687.27,-0.0068
483687.27,-0.2240
483687.27,0.0005
483923.59,0.0005
483923.59,-0.2183
484159.90,-0.1046
484159.90,0.0048
484396.21,0.0048
484396.21,-0.0946
484624.65,-0.0946
484624.65,-0.1938
484624.65,-0.0830
485097.27,-0.0830
485097.27,-0.3003
485097.27,-0.0111
485333.59,-0.0111
485333.59,-0.2298
485333.59,-0.1191
485569.90,-0.0082
485798.33,-0.0082
485798.34,-0.2269
485798.33,-0.0068
486034.65,-0.0068
486034.65,-0.1061
486034.65,0.0048
486507.27,0.0048
486507.27,-0.0960
486743.59,-0.0960
486743.59,-0.3133
486743.59,-0.1348
486972.02,-0.0240
487208.33,-0.0240
487208.34,-0.2428
487208.33,-0.0240
487444.65,-0.0240
487444.65,-0.2428
487444.65,-0.0240
487917.27,-0.0240
487917.27,-0.1233
487917.27,-0.0140
488145.71,-0.0140
488145.71,-0.2341
488145.71,-0.0154
488618.33,-0.0154
488618.33,-0.1147
488618.33,-0.0068
488854.65,-0.0068
488854.65,-0.2269
488854.65,-0.0096
489319.40,-0.0096
489319.40,-0.2298
489319.40,-0.0125
489555.71,-0.0125
489555.71,-0.1119
489555.71,-0.0039
490028.33,-0.0039
490028.33,-0.2255
490028.33,-0.0082
490264.65,-0.0082
490264.65,-0.2298
490264.65,-0.0140
490493.08,-0.0140
490493.08,-0.1147
490729.40,-0.1061
490729.39,-0.2269
490729.40,-0.0125
490965.71,-0.0125
490965.71,-0.1119
490965.71,-0.0039
491438.33,-0.0039
491438.33,-0.2255
491438.33,-0.0125
491666.77,-0.0125
491666.77,-0.2341
491666.77,-0.0197
492139.40,-0.0197
492139.40,-0.1191
492139.40,-0.0140
492375.71,-0.0140
492375.71,-0.2341
492375.71,-0.0226
492612.02,-0.0226
492612.02,-0.1219
492840.46,-0.0168
493076.77,-0.0168
493076.77,-0.2384
493076.77,-0.0269
493549.40,-0.0269
493549.39,-0.2485
493549.40,-0.0370
493777.83,-0.0370
493777.83,-0.1377
493777.83,-0.0312
494250.46,-0.0312
494250.46,-0.2542
494250.46,-0.0428
494486.77,-0.0428
494486.77,-0.1435
494486.77,-0.0384
494723.08,-0.0384
494723.08,-0.1377
494951.52,-0.2614
494951.52,-0.0500
495187.83,-0.0500
495187.83,-0.1507
495187.83,-0.0456
495660.46,-0.0456
495660.46,-0.2686
495660.46,-0.0600
495896.77,-0.0600
495896.77,-0.2830
495896.77,-0.0744
496361.52,-0.0744
496361.52,-0.1737
496361.52,-0.0701
496597.83,-0.0701
496597.83,-0.2931
496597.83,-0.0859
496834.14,-0.0859
496834.14,-0.1866
497070.46,-0.0830
497298.89,-0.0830
497298.89,-0.3061
497298.89,-0.0356
497535.20,-0.0356
497535.21,-0.1348
497771.52,-0.2586
497771.52,-0.0528
498007.83,-0.0528
498007.83,-0.1536
498007.83,-0.0500
498472.58,-0.0500
498472.58,-0.2744
498472.58,-0.0686
498708.89,-0.0686
498708.89,-0.1694
498708.89,-0.0658
499181.52,-0.0658
499181.52,-0.2903
499181.52,-0.0859
499417.83,-0.0859
499417.83,-0.3104
499417.83,-0.0413
499882.58,-0.0413
499882.58,-0.1406
499882.58,-0.0399
500118.89,-0.0399
500118.89,-0.2643
500118.89,-0.0614
500591.52,-0.0614
500591.52,-0.2874
500591.52,-0.0845
500819.95,-0.0845
500819.95,-0.1838
500819.95,-0.0830
501292.58,-0.0830
501292.58,-0.3090
501292.58,-0.0428
501528.89,-0.0428
501528.89,-0.2686
501528.89,-0.0672
501993.64,-0.0672
501993.64,-0.1665
501993.64,-0.0658
502229.95,-0.0658
502229.95,-0.2931
502229.95,-0.0917
502702.58,-0.0917
502702.58,-0.1924
502702.58,-0.0917
502938.89,-0.0917
502938.89,-0.3176
502938.89,-0.0528
503403.64,-0.0528
503403.64,-0.2802
503403.64,-0.0802
503639.95,-0.0802
503639.95,-0.1794
503639.95,-0.0802
504112.58,-0.0802
504112.58,-0.3075
504112.58,-0.0471
504341.01,-0.0471
504341.01,-0.1478
504341.01,-0.0471
504813.64,-0.0471
504813.64,-0.2744
504813.64,-0.0773
505049.95,-0.0773
505049.95,-0.1766
505049.95,-0.0787
505514.70,-0.0787
505514.70,-0.3061
505514.70,-0.0485
505751.01,-0.0485
505751.01,-0.2773
505987.33,-0.1780
505987.33,-0.0787
506223.64,-0.0787
506223.64,-0.1794
506223.64,-0.0816
506459.95,-0.0816
506459.95,-0.3090
506688.39,-0.1507
506688.39,-0.0528
506924.70,-0.0528
506924.70,-0.2816
506924.70,-0.0859
507161.01,-0.0859
507161.01,-0.1866
507161.01,-0.0888
507633.64,-0.0888
507633.64,-0.3162
507633.64,-0.0600
507862.08,-0.0600
507862.07,-0.1608
508098.39,-0.2888
508098.39,-0.0960
508334.70,-0.0960
508334.70,-0.1952
508334.70,-0.0989
508334.70,-0.2284
508334.70,-0.0341
508571.01,-0.0341
508571.01,-0.1348
508571.01,-0.0370
509035.76,-0.0370
509035.76,-0.2672
509035.76,-0.0758
509272.07,-0.0758
509272.07,-0.1751
509272.07,-0.0787
509744.70,-0.0787
509744.70,-0.3090
509744.70,-0.0571
509981.01,-0.0571
509981.01,-0.1565
510209.45,-0.0614
510445.76,-0.0614
510445.76,-0.2917
510445.76,-0.0053
510918.39,-0.0053
510918.39,-0.2356
510918.39,-0.0471
511154.70,-0.0471
511154.70,-0.1464
511154.70,-0.0514
511619.45,-0.0514
511619.45,-0.2802
511619.45,-0.0917
511855.76,-0.0917
511855.76,-0.1909
511855.76,-0.0974
512328.39,-0.0974
512328.39,-0.3277
512328.39,-0.0773
512556.82,-0.0773
512556.82,-0.1766
512556.82,-0.0830
513029.45,-0.0830
513029.45,-0.3147
513029.45,-0.0672
513265.76,-0.0672
513265.76,-0.2989
513265.76,-0.1478
513502.07,-0.0543
513730.51,-0.0543
513730.51,-0.1536
513730.51,-0.0614
513966.82,-0.0614
513966.82,-0.2931
513966.82,-0.1996
514203.13,-0.1061
514203.13,-0.0140
514439.45,-0.0140
514439.45,-0.2456
514439.45,-0.0600
514675.76,-0.0600
514675.76,-0.1608
514675.76,-0.0672
515140.51,-0.0672
515140.51,-0.3003
515140.51,-0.0586
515376.82,-0.0586
515376.82,-0.1579
515613.13,-0.2917
515613.13,-0.0140
515849.45,-0.0140
515849.45,-0.1147
515849.45,-0.0226
516077.88,-0.0226
516077.88,-0.1219
516314.19,-0.2542
516314.20,-0.0715
516550.51,-0.0715
516550.51,-0.1708
516550.51,-0.0802
516786.82,-0.0802
516786.82,-0.1794
517023.13,-0.3133
517023.13,-0.0730
517251.57,-0.0730
517251.57,-0.3061
517251.57,-0.0672
517487.88,-0.0672
517487.88,-0.1665
517724.20,-0.0758
517960.51,-0.0758
517960.51,-0.3090
517960.51,-0.0730
518425.26,-0.0730
518425.26,-0.1722
518425.26,-0.0816
518661.57,-0.0816
518661.57,-0.3162
518661.57,-0.0773
519134.20,-0.0773
519134.19,-0.3119
519134.20,-0.0758
519370.51,-0.0758
519370.51,-0.1751
519370.51,-0.0859
519835.26,-0.0859
519835.26,-0.3204
519835.26,-0.0830
520071.57,-0.0830
520071.57,-0.1823
520071.57,-0.0931
520544.20,-0.0931
520544.19,-0.3291
520544.20,-0.0917
520772.63,-0.0917
520772.63,-0.1909
521008.94,-0.3262
521008.94,-0.0888
521245.26,-0.0888
521245.26,-0.1895
521245.26,-0.1003
521245.26,-0.2370
521245.26,-0.0600
521481.57,-0.0600
521481.57,-0.1593
521481.57,-0.0715
521946.32,-0.0715
521946.32,-0.3061
521946.32,-0.0758
522182.63,-0.0758
522182.63,-0.1751
522418.94,-0.0874
522655.26,-0.0874
522655.26,-0.3233
522655.26,-0.0917
523120.00,-0.0917
523120.01,-0.1909
523120.00,-0.1032
523120.00,-0.2399
523120.00,-0.0658
523356.32,-0.0658
523356.32,-0.1651
523356.32,-0.0787
523828.94,-0.0787
523828.94,-0.3147
523828.94,-0.0859
524065.25,-0.0859
524065.26,-0.1852
524065.25,-0.0989
524065.26,-0.2356
524293.69,-0.1478
524293.69,-0.0629
524530.00,-0.0629
524530.00,-0.1622
524530.00,-0.0758
524766.32,-0.0758
524766.32,-0.3133
525002.63,-0.1722
525002.63,-0.0859
525238.94,-0.0859
525238.94,-0.1852
525238.94,-0.0989
525238.94,-0.2370
525238.94,-0.0658
525467.38,-0.0658
525467.38,-0.1651
525467.38,-0.0787
525940.00,-0.0787
525940.00,-0.1780
525940.00,-0.0931
526176.32,-0.0931
526176.32,-0.1924
526412.63,-0.3305
526412.63,-0.0168
526641.07,-0.0168
526641.07,-0.2557
526641.06,-0.0859
527113.69,-0.0859
527113.69,-0.1852
527113.69,-0.1003
527113.69,-0.2384
527113.69,-0.0686
527350.00,-0.0686
527350.00,-0.1694
527350.00,-0.0845
527814.75,-0.0845
527814.75,-0.3219
527814.75,-0.0140
528051.07,-0.0140
528051.06,-0.2542
528051.06,-0.1694
528287.38,-0.0859
528523.69,-0.0859
528523.69,-0.1852
528523.69,-0.0168
528760.00,-0.0168
528760.00,-0.2571
528988.44,-0.1737
528988.44,-0.0888
529224.75,-0.0888
529224.75,-0.1895
529224.75,-0.0226
529461.07,-0.0226
529461.06,-0.1219
529697.38,-0.2614
529697.38,-0.0960
529933.69,-0.0960
529933.69,-0.1952
529933.69,-0.1119
529933.69,-0.2514
529933.69,-0.0859
530162.13,-0.0859
530162.13,-0.1866
530398.44,-0.1032
530398.44,-0.0212
530634.75,-0.0212
530634.75,-0.2614
530634.75,-0.0960
531107.38,-0.0960
531107.38,-0.1952
531107.38,-0.1133
531107.38,-0.2542
531107.38,-0.0888
531335.81,-0.0888
531335.81,-0.1895
531335.81,-0.0240
531808.44,-0.0240
531808.44,-0.2658
531808.44,-0.0197
532044.75,-0.0197
532044.75,-0.1191
532044.75,-0.0384
532509.50,-0.0384
532509.50,-0.2802
532509.50,-0.0356
532745.81,-0.0356
532745.81,-0.1348
532745.81,-0.0543
533218.44,-0.0543
533218.44,-0.2960
533218.44,-0.0528
533454.75,-0.0528
533454.75,-0.1536
533683.19,-0.2946
533683.19,-0.0528
533919.50,-0.0528
533919.50,-0.1536
533919.50,-0.0730
534392.13,-0.0730
534392.12,-0.3147
534392.12,-0.0226
534628.44,-0.0226
534628.44,-0.2643
534628.44,-0.1046
534856.87,-0.0255
535093.19,-0.0255
535093.19,-0.1248
535093.19,-0.0456
535329.50,-0.0456
535329.50,-0.2874
535329.50,-0.2082
535565.81,-0.1291
535565.81,-0.0500
535802.12,-0.0500
535802.13,-0.1493
535802.12,-0.0686
536030.56,-0.0686
536030.56,-0.1694
536266.87,-0.3133
536266.87,-0.0255
536503.19,-0.0255
536503.19,-0.2686
536503.19,-0.0327
536739.50,-0.0327
536739.50,-0.1320
536975.81,-0.0528
537204.25,-0.0528
537204.25,-0.2975
537204.25,-0.0931
537676.87,-0.0931
537676.87,-0.1924
537676.87,-0.1147
537676.87,-0.2586
537676.87,-0.0240
537913.19,-0.0240
537913.19,-0.1248
537913.19,-0.0471
538377.93,-0.0471
538377.94,-0.2903
538377.93,-0.0586
538614.25,-0.0586
538614.25,-0.1579
538614.25,-0.0802
539086.87,-0.0802
539086.87,-0.3262
539086.87,-0.0428
539323.19,-0.0428
539323.19,-0.1420
539551.62,-0.2874
539551.62,-0.0557
539787.93,-0.0557
539787.93,-0.1565
539787.93,-0.0787
540260.56,-0.0787
540260.56,-0.3262
540260.56,-0.0456
540496.87,-0.0456
540496.87,-0.2903
540496.87,-0.1377
540725.31,-0.0614
540961.62,-0.0614
540961.62,-0.1608
540961.62,-0.0859
541197.93,-0.0859
541197.94,-0.3320
541197.93,-0.2039
541434.25,-0.1291
541434.25,-0.0528
541670.56,-0.0528
541670.56,-0.1536
541670.56,-0.0773
541899.00,-0.0773
541898.99,-0.1766
542135.31,-0.3233
542135.31,-0.0485
542371.62,-0.0485
542371.62,-0.2960
542371.62,-0.0701
542607.93,-0.0701
542607.93,-0.1694
542844.25,-0.0960
543072.68,-0.0960
543072.68,-0.3421
543072.68,-0.1406
543309.00,-0.0672
543545.31,-0.0672
543545.31,-0.1665
543545.31,-0.0917
543781.62,-0.0917
543781.62,-0.3392
543781.62,-0.2140
544017.93,-0.1406
544017.93,-0.0658
544246.37,-0.0658
544246.37,-0.3133
544246.37,-0.0456
544482.68,-0.0456
544482.68,-0.1449
544482.68,-0.0715
544955.31,-0.0715
544955.31,-0.3190
544955.31,-0.0514
545191.62,-0.0514
545191.62,-0.1507
545420.06,-0.3003
545420.06,-0.0356
545656.37,-0.0356
545656.37,-0.1348
545656.37,-0.0629
546129.00,-0.0629
546128.99,-0.3119
546128.99,-0.0471
546365.31,-0.0471
546365.31,-0.1478
546365.31,-0.0758
546830.06,-0.0758
546830.06,-0.3233
546830.06,-0.0600
547066.37,-0.0600
547066.37,-0.1608
547302.68,-0.3090
547302.68,-0.0485
547538.99,-0.0485
547539.00,-0.1478
547538.99,-0.0758
547767.43,-0.0758
547767.43,-0.1766
548003.74,-0.3262
548003.74,-0.0658
548240.05,-0.0658
548240.06,-0.3147
548240.06,-0.1262
548476.37,-0.0557
548712.68,-0.0557
548712.68,-0.1550
548712.68,-0.0845
548941.12,-0.0845
548941.12,-0.3349
548941.12,-0.2154
549177.43,-0.1449
549177.43,-0.0744
549413.74,-0.0744
549413.74,-0.1737
549413.74,-0.1032
549413.74,-0.2542
549413.74,-0.0428
549650.05,-0.0428
549650.06,-0.1435
549650.05,-0.0730
550114.80,-0.0730
550114.80,-0.3233
550114.80,-0.0672
550587.43,-0.0672
550587.43,-0.1665
550587.43,-0.0974
550587.43,-0.2485
550587.43,-0.0399
550823.74,-0.0399
550823.74,-0.1406
550823.74,-0.0715
551288.49,-0.0715
551288.49,-0.3219
551288.49,-0.0686
551524.80,-0.0686
551524.80,-0.1694
551524.80,-0.1003
551761.12,-0.2528
551761.12,-0.0471
551997.43,-0.0471
551997.43,-0.1464
551997.43,-0.0773
552233.74,-0.0773
552233.74,-0.1766
552462.18,-0.1090
552462.18,-0.2614
552462.18,-0.0557
552698.49,-0.0557
552698.49,-0.1550
552698.49,-0.0874
553171.12,-0.0874
553171.12,-0.3392
553171.12,-0.0888
553407.43,-0.0888
553407.43,-0.1895
553407.43,-0.1219
553407.43,-0.2744
553635.86,-0.2053
553635.86,-0.0701
553872.18,-0.0701
553872.18,-0.1694
553872.18,-0.0356
554108.49,-0.0356
554108.49,-0.1348
554344.80,-0.2888
554344.80,-0.0859
554581.12,-0.0859
554581.12,-0.1866
554581.12,-0.1191
554581.12,-0.2730
554581.12,-0.0715
554809.55,-0.0715
554809.55,-0.1708
555045.86,-0.1046
555045.87,-0.0384
555282.18,-0.0384
555282.18,-0.2917
555282.18,-0.1593
555518.49,-0.0917
555754.80,-0.0917
555754.80,-0.1924
555754.80,-0.0600
555983.24,-0.0600
555983.24,-0.3133
556219.55,-0.2053
556219.55,-0.0744
556455.86,-0.0744
556455.86,-0.1737
556455.86,-0.1090
556455.86,-0.2629
556455.86,-0.0658
556692.18,-0.0658
556692.18,-0.1651
556928.49,-0.1003
556928.49,-0.0341
557156.93,-0.0341
557156.92,-0.2903
557156.93,-0.0946
557629.55,-0.0946
557629.55,-0.1938
557629.55,-0.0629
557865.86,-0.0629
557865.86,-0.3190
557865.86,-0.2125
558102.18,-0.1478
558102.18,-0.0830
558330.61,-0.0830
558330.61,-0.1823
558330.61,-0.1176
558330.61,-0.2744
558330.61,-0.0802
558566.93,-0.0802
558566.93,-0.1794
558566.93,-0.1162
558803.24,-0.0514
559039.55,-0.0514
559039.55,-0.3061
559039.55,-0.0744
559504.30,-0.0744
559504.30,-0.1737
559504.30,-0.1119
559504.30,-0.2672
559504.30,-0.0758
559740.61,-0.0758
559740.61,-0.1766
559740.61,-0.0500
560213.24,-0.0500
560213.24,-0.3061
560213.24,-0.0773
560449.55,-0.0773
560449.55,-0.1766
560449.55,-0.1147
560677.99,-0.2701
560677.99,-0.0816
560914.30,-0.0816
560914.30,-0.1809
560914.30,-0.0557
561386.92,-0.0557
561386.92,-0.3133
561386.92,-0.0859
561623.24,-0.0859
561623.24,-0.1866
561623.24,-0.0614
562087.99,-0.0614
562087.99,-0.3190
562087.99,-0.0917
562324.30,-0.0917
562324.30,-0.1924
562324.30,-0.1305
562560.61,-0.2888
562560.61,-0.0413
562796.92,-0.0413
562796.92,-0.1406
562796.92,-0.0802
563025.36,-0.0802
563025.36,-0.1794
563261.67,-0.3377
563261.67,-0.0514
563497.99,-0.0514
563497.98,-0.1507
563497.99,-0.0902
563970.61,-0.0902
563970.61,-0.3478
563970.61,-0.0629
564199.05,-0.0629
564199.05,-0.3204
564435.36,-0.2197
564435.36,-0.0399
564671.67,-0.0399
564671.67,-0.1392
564671.67,-0.0787
564907.99,-0.0787
564907.98,-0.1794
565144.30,-0.3392
565144.30,-0.0571
565372.73,-0.0571
565372.74,-0.3162
565372.73,-0.1579
565609.05,-0.0989
565609.05,-0.0399
565845.36,-0.0399
565845.36,-0.1392
565845.36,-0.0787
566081.67,-0.0787
566081.67,-0.3392
566317.98,-0.2384
566317.99,-0.0614
566546.42,-0.0614
566546.42,-0.1608
566546.42,-0.1032
566546.42,-0.2643
566546.42,-0.0859
567019.05,-0.0859
567019.05,-0.1866
567019.05,-0.0686
567255.36,-0.0686
567255.36,-0.3291
567255.36,-0.1737
567491.67,-0.1147
567491.67,-0.0557
567720.11,-0.0557
567720.11,-0.1565
567720.11,-0.0989
567720.11,-0.2586
567720.11,-0.0845
567956.42,-0.0845
567956.42,-0.1838
567956.42,-0.0686
568429.05,-0.0686
568429.05,-0.3291
568429.05,-0.0600
568893.80,-0.0600
568893.79,-0.1608
568893.80,-0.1018
568893.79,-0.2643
568893.80,-0.0917
569130.11,-0.0917
569130.11,-0.1909
569130.11,-0.0773
569602.73,-0.0773
569602.73,-0.1766
569602.73,-0.1205
569602.73,-0.2816
569602.73,-0.0543
569839.05,-0.0543
569839.05,-0.1536
569839.05,-0.0413
570303.80,-0.0413
570303.79,-0.3032
570303.80,-0.0428
570776.42,-0.0428
570776.42,-0.1435
570776.42,-0.0874
571012.73,-0.0874
571012.73,-0.3493
571012.73,-0.2542
571241.17,-0.1981
571241.17,-0.0859
571477.48,-0.0859
571477.48,-0.1866
571477.48,-0.1305
571477.48,-0.2931
571477.48,-0.0715
571713.79,-0.0715
571713.80,-0.1708
571713.80,-0.1162
571950.11,-0.2787
571950.11,-0.0571
572186.42,-0.0571
572186.42,-0.1565
572186.42,-0.0485
572651.17,-0.0485
572651.17,-0.3119
572651.17,-0.0571
572887.48,-0.0571
572887.48,-0.1565
572887.48,-0.1032
572887.48,-0.2672
573123.79,-0.2125
573123.79,-0.0485
573360.11,-0.0485
573360.11,-0.1478
573360.11,-0.0946
573588.54,-0.0946
573588.54,-0.1938
573588.54,-0.1392
573824.86,-0.3032
573824.85,-0.0543
574061.17,-0.0543
574061.17,-0.1536
574061.17,-0.0471
574533.79,-0.0471
574533.79,-0.3104
574533.79,-0.0629
574762.23,-0.0629
574762.23,-0.1637
574762.23,-0.1090
574762.23,-0.2744
574998.54,-0.2212
574998.54,-0.0614
575234.85,-0.0614
575234.86,-0.1608
575234.85,-0.0557
575471.17,-0.0557
575471.17,-0.1550
575707.48,-0.3204
575707.48,-0.0758
575935.92,-0.0758
575935.92,-0.1751
575935.92,-0.0701
576408.54,-0.0701
576408.54,-0.3363
576408.54,-0.0917
576644.85,-0.0917
576644.85,-0.1909
576644.85,-0.1392
576881.17,-0.3061
576881.17,-0.0658
577109.60,-0.0658
577109.60,-0.1651
577109.60,-0.0629
577345.92,-0.0629
577345.92,-0.1622
577582.23,-0.3291
577582.23,-0.0888
577818.54,-0.0888
577818.54,-0.1881
577818.54,-0.1363
577818.54,-0.3032
577818.54,-0.2197
578054.85,-0.1694
578054.85,-0.0672
578283.29,-0.0672
578283.29,-0.1665
578283.29,-0.0658
578519.60,-0.0658
578519.60,-0.1651
578755.92,-0.3320
578755.92,-0.0960
578992.23,-0.0960
578992.23,-0.1952
578992.23,-0.0946
579456.98,-0.0946
579456.98,-0.3608
579456.98,-0.0730
579693.29,-0.0730
579693.29,-0.1737
579693.29,-0.1233
579693.29,-0.2903
579929.60,-0.2399
579929.60,-0.0902
580165.92,-0.0902
580165.92,-0.1895
580165.92,-0.0917
580402.23,-0.0917
580402.23,-0.1909
580630.66,-0.3593
580630.66,-0.0758
580866.98,-0.0758
580866.98,-0.1766
580866.98,-0.1262
580866.98,-0.2946
580866.98,-0.2456
581103.29,-0.1967
581103.29,-0.0500
581339.60,-0.0500
581339.60,-0.1493
581339.60,-0.1003
581339.60,-0.2701
581339.60,-0.0744
581575.92,-0.0744
581575.92,-0.1737
581575.92,-0.1248
581804.35,-0.0773
582040.66,-0.0773
582040.66,-0.1766
582040.66,-0.1291
582040.66,-0.2975
582040.66,-0.1248
582276.98,-0.0758
582513.29,-0.0758
582513.29,-0.1751
582513.29,-0.0787
582749.60,-0.0787
582749.60,-0.1794
582749.60,-0.1305
582749.60,-0.3018
582978.04,-0.2240
582978.04,-0.0816
583214.35,-0.0816
583214.35,-0.1809
583214.35,-0.0859
583450.66,-0.0859
583450.66,-0.1866
583686.98,-0.3550
583686.98,-0.0859
583923.29,-0.0859
583923.29,-0.1852
583923.29,-0.1377
583923.29,-0.3075
583923.29,-0.2312
584151.73,-0.1838
584151.73,-0.0902
584388.04,-0.0902
584388.04,-0.1895
584388.04,-0.0974
584624.35,-0.0974
584624.35,-0.3680
584860.66,-0.2859
584860.66,-0.0528
585096.98,-0.0528
585096.98,-0.1536
585096.98,-0.1075
585096.98,-0.2773
585096.98,-0.1392
585325.41,-0.0931
585561.72,-0.0931
585561.73,-0.1924
585561.72,-0.0557
585798.04,-0.0557
585798.04,-0.3262
585798.04,-0.2514
586034.35,-0.2053
586034.35,-0.0686
586270.66,-0.0686
586270.66,-0.1679
586270.66,-0.1219
586270.66,-0.2931
586270.66,-0.1119
586499.10,-0.0672
586499.10,-0.1665
586735.41,-0.1219
586735.41,-0.0773
586971.72,-0.0773
586971.73,-0.1766
586971.72,-0.1320
586971.72,-0.3032
586971.73,-0.1866
587208.04,-0.1406
587208.04,-0.0960
587444.35,-0.0960
587444.35,-0.1952
587444.35,-0.1075
587444.35,-0.2802
587444.35,-0.0557
587672.79,-0.0557
587672.79,-0.1565
587672.79,-0.0672
588145.41,-0.0672
588145.41,-0.1665
588145.41,-0.1248
588145.41,-0.2960
588145.41,-0.1377
588381.72,-0.0946
588618.04,-0.0946
588618.04,-0.1938
588618.04,-0.1061
588618.04,-0.2802
588618.04,-0.0600
588846.47,-0.0600
588846.47,-0.1608
588846.47,-0.0744
589319.10,-0.0744
589319.10,-0.1737
589319.10,-0.1305
589319.10,-0.3032
589319.10,-0.1032
589555.41,-0.0600
589555.41,-0.1608
589791.72,-0.1176
589791.72,-0.0744
590020.16,-0.0744
590020.16,-0.3478
590020.16,-0.2312
590256.47,-0.1895
590256.47,-0.0614
590492.79,-0.0614
590492.78,-0.1608
590492.79,-0.1176
590492.79,-0.2931
590492.79,-0.0802
590729.10,-0.0802
590729.10,-0.1794
590729.10,-0.1377
590965.41,-0.0960
591193.85,-0.0960
591193.85,-0.1952
591193.85,-0.1536
591193.85,-0.3277
591193.85,-0.2154
591430.16,-0.1737
591430.16,-0.0902
591666.47,-0.0902
591666.47,-0.1895
591666.47,-0.1061
591666.47,-0.2802
591666.47,-0.1147
591902.79,-0.0730
591902.78,-0.1737
591902.79,-0.0902
592367.53,-0.0902
592367.53,-0.1895
592367.53,-0.1493
592367.53,-0.3248
592367.53,-0.1737
592603.85,-0.1334
592603.85,-0.0917
592603.85,-0.1909
592840.16,-0.1507
592840.16,-0.0686
593076.47,-0.0686
593076.47,-0.3449
593076.47,-0.2758
593312.78,-0.2341
593312.79,-0.0730
593541.22,-0.0730
593541.22,-0.1722
593541.22,-0.1320
593541.22,-0.3090
593541.22,-0.1219
593777.53,-0.0816
593777.53,-0.1809
594013.85,-0.1406
594013.85,-0.0614
594013.85,-0.2773
594013.85,-0.0773
594250.16,-0.0773
594250.16,-0.1766
594250.16,-0.0586
594714.91,-0.0586
594714.91,-0.1579
594714.91,-0.1191
594714.91,-0.2946
594714.91,-0.0974
594951.22,-0.0586
594951.22,-0.1579
594951.22,-0.1191
595187.53,-0.0802
595423.85,-0.0802
595423.85,-0.1794
595423.85,-0.1406
595423.85,-0.3176
595423.85,-0.2140
595660.16,-0.1751
595660.16,-0.0586
595888.60,-0.0586
595888.59,-0.1579
595888.60,-0.0816
596124.91,-0.0816
596124.91,-0.3579
596361.22,-0.2917
596361.22,-0.0614
596597.53,-0.0614
596597.53,-0.1608
596597.53,-0.1233
596597.53,-0.3018
596597.53,-0.1248
596833.85,-0.0874
596833.85,-0.1866
597062.28,-0.1493
597062.28,-0.0730
597298.59,-0.0730
597298.59,-0.3521
597298.59,-0.2874
597534.91,-0.2485
597534.91,-0.0614
597771.22,-0.0614
597771.22,-0.1608
597771.22,-0.1248
597771.22,-0.3032
597771.22,-0.1305
598007.53,-0.0917
598007.53,-0.1924
598235.97,-0.1550
598235.97,-0.0816
598472.28,-0.0816
598472.28,-0.1809
598472.28,-0.1449
598472.28,-0.3233
598472.28,-0.2629
598708.59,-0.2255
598708.59,-0.0787
598944.91,-0.0787
598944.91,-0.1794
598944.91,-0.1061
598944.91,-0.2859
598944.91,-0.1751
599181.22,-0.1392
599181.22,-0.0672
599181.22,-0.1665
599181.22,-0.1305
599409.65,-0.0946
599645.97,-0.0946
599645.97,-0.1938
599645.97,-0.1579
599645.97,-0.3377
599645.97,-0.2413
599882.28,-0.2053
599882.28,-0.0974
600118.59,-0.0974
600118.59,-0.1967
600118.59,-0.0902
600354.91,-0.0902
600354.91,-0.3694
600583.34,-0.3061
600583.34,-0.0730
600819.65,-0.0730
600819.66,-0.1722
600819.65,-0.1377
600819.66,-0.3162
600819.66,-0.2240
601055.97,-0.1895
601055.97,-0.0830
601292.28,-0.0830
601292.28,-0.1823
601292.28,-0.0787
601528.59,-0.0787
601528.59,-0.3593
601528.59,-0.3003
601757.03,-0.2442
601757.03,-0.0715
601993.34,-0.0715
601993.34,-0.1708
601993.34,-0.1377
601993.34,-0.3190
601993.34,-0.1924
602229.65,-0.1579
602229.65,-0.0888
602465.97,-0.0888
602465.97,-0.1895
602465.97,-0.0874
602702.28,-0.0874
602702.28,-0.1866
602702.28,-0.1536
602702.28,-0.3349
602930.72,-0.2773
602930.72,-0.0758
603167.03,-0.0758
603167.03,-0.1766
603167.03,-0.1090
603167.03,-0.2903
603167.03,-0.2240
603403.34,-0.1895
603403.34,-0.0902
603639.65,-0.0902
603639.65,-0.1895
603639.65,-0.0902
603875.97,-0.0902
603875.97,-0.1895
603875.97,-0.1565
603875.97,-0.3392
604104.40,-0.2830
604104.40,-0.0859
604340.72,-0.0859
604340.72,-0.1866
604340.72,-0.0888
604577.03,-0.0888
604577.03,-0.1881
604813.34,-0.3709
604813.34,-0.0658
605049.65,-0.0658
605049.65,-0.1665
605049.65,-0.1348
605049.65,-0.3162
605049.65,-0.2643
605278.09,-0.2312
605278.09,-0.0715
605514.40,-0.0715
605514.40,-0.1708
605514.40,-0.0758
605750.72,-0.0758
605750.72,-0.1751
605987.03,-0.3579
605987.03,-0.0946
606223.34,-0.0946
606223.34,-0.1938
606223.34,-0.1320
606223.34,-0.3162
606451.78,-0.2643
606451.78,-0.0758
606688.09,-0.0758
606688.09,-0.1766
606688.09,-0.0845
606924.40,-0.0845
606924.40,-0.3680
607160.71,-0.3133
607160.72,-0.0787
607397.03,-0.0787
607397.03,-0.1794
607397.03,-0.1176
607397.03,-0.3032
607397.03,-0.2542
607625.46,-0.2226
607625.46,-0.0730
607861.78,-0.0730
607861.78,-0.1722
607861.78,-0.0816
608098.09,-0.0816
608098.09,-0.1809
608098.09,-0.1507
608334.40,-0.3363
608334.40,-0.0773
608570.72,-0.0773
608570.72,-0.1766
608570.72,-0.0888
609035.46,-0.0888
609035.46,-0.4730
609035.46,-0.1464
609271.78,-0.3320
609271.78,-0.0787
609744.40,-0.0787
609744.40,-0.1794
609744.40,-0.0931
610209.15,-0.0931
610209.15,-0.3795
610209.15,-0.1377
610445.46,-0.1104
610445.46,-0.0830
610445.46,-0.1823
610445.46,-0.1262
610681.78,-0.3133
610681.78,-0.0974
610918.09,-0.0974
610918.09,-0.1967
610918.09,-0.0859
611382.84,-0.0859
611382.84,-0.3723
611382.84,-0.1377
611619.15,-0.1119
611619.15,-0.0830
611619.15,-0.1823
611619.15,-0.1276
611855.46,-0.3147
611855.46,-0.0787
612091.78,-0.0787
612091.78,-0.1780
612091.78,-0.0701
612556.52,-0.0701
612556.52,-0.3579
612556.52,-0.1061
612792.84,-0.0787
612792.84,-0.1794
612792.84,-0.1276
613029.15,-0.3147
613029.15,-0.0859
613265.46,-0.0859
613265.46,-0.1852
613265.46,-0.0802
613730.21,-0.0802
613730.21,-0.1794
613730.21,-0.1550
613730.21,-0.3435
613730.21,-0.1536
613966.52,-0.1276
613966.52,-0.0758
613966.52,-0.1766
613966.52,-0.0989
614202.84,-0.2874
614202.84,-0.0830
614439.15,-0.0830
614439.15,-0.1823
614439.15,-0.0830
614667.59,-0.0830
614667.58,-0.1823
614903.90,-0.1565
614903.90,-0.1305
614903.90,-0.3204
614903.90,-0.1536
615140.21,-0.1276
615140.21,-0.0787
615140.21,-0.1780
615140.21,-0.1046
615376.52,-0.0802
615612.84,-0.0802
615612.84,-0.3694
615612.84,-0.2341
615841.27,-0.2096
615841.27,-0.0888
616077.59,-0.0888
616077.58,-0.1881
616077.58,-0.1392
616077.59,-0.3291
616077.58,-0.1909
616313.90,-0.1665
616313.90,-0.0946
616313.90,-0.1938
616313.90,-0.0989
616550.21,-0.0758
616786.52,-0.0758
616786.52,-0.3651
616786.52,-0.2125
617014.96,-0.1881
617014.96,-0.0946
617014.96,-0.1938
617251.27,-0.1694
617251.27,-0.1248
617251.27,-0.3147
617251.27,-0.1809
617487.58,-0.1579
617487.59,-0.0888
617487.58,-0.1881
617487.59,-0.1191
617723.90,-0.0960
617960.21,-0.0960
617960.21,-0.1952
617960.21,-0.1507
617960.21,-0.3421
617960.21,-0.2643
618188.65,-0.2413
618188.65,-0.0830
618424.96,-0.0830
618424.96,-0.1823
618424.96,-0.1147
618424.96,-0.3061
618424.96,-0.2024
618661.27,-0.1794
618661.27,-0.0888
618661.27,-0.1895
618661.27,-0.1018
618897.59,-0.0787
619133.90,-0.0787
619133.90,-0.1794
619133.90,-0.1565
619133.90,-0.3478
619133.90,-0.2298
619362.33,-0.2082
619362.33,-0.0773
619362.33,-0.1766
619598.65,-0.1550
619598.65,-0.1119
619598.65,-0.3047
619598.65,-0.1608
619834.96,-0.1392
619834.96,-0.0960
619834.96,-0.1952
619834.96,-0.1320
620071.27,-0.1104
620071.27,-0.0888
620307.59,-0.0888
620307.58,-0.1895
620307.58,-0.1478
620307.58,-0.3392
620307.58,-0.2686
620536.02,-0.2485
620536.02,-0.0787
620772.33,-0.0787
620772.33,-0.1794
620772.33,-0.0960
621008.65,-0.0960
621008.65,-0.1952
621008.65,-0.1766
621244.96,-0.3680
621244.96,-0.1406
621481.27,-0.1205
621481.27,-0.0787
621481.27,-0.1794
621481.27,-0.1176
621481.27,-0.3119
621481.27,-0.2571
621709.71,-0.2384
621709.71,-0.0960
621709.71,-0.1952
621946.02,-0.1766
621946.02,-0.0974
622182.33,-0.0974
622182.33,-0.1967
622182.33,-0.1766
622182.33,-0.3709
622418.65,-0.3349
622418.65,-0.1305
622654.96,-0.1119
622654.96,-0.0917
622654.96,-0.1924
622654.96,-0.1147
622654.96,-0.3090
622883.39,-0.2773
622883.39,-0.1032
623119.71,-0.0845
623119.71,-0.1838
623119.71,-0.0888
623356.02,-0.0888
623356.02,-0.1895
623356.02,-0.1521
623592.33,-0.3464
623592.33,-0.1694
623828.65,-0.1507
623828.64,-0.0946
624057.08,-0.0946
624057.08,-0.1938
624293.39,-0.1751
624293.39,-0.1018
624293.39,-0.2960
624293.39,-0.2298
624529.71,-0.2111
624529.71,-0.0830
625002.33,-0.0830
625002.33,-0.1823
625002.33,-0.0917
625467.08,-0.0917
625467.08,-0.1909
625467.08,-0.1377
625467.08,-0.3320
625467.08,-0.2356
625703.39,-0.2183
625703.39,-0.0931
625703.39,-0.1924
625703.39,-0.1751
625939.71,-0.1579
625939.71,-0.0874
626176.02,-0.0874
626176.02,-0.3838
626176.02,-0.2917
626404.46,-0.2744
626404.45,-0.1176
626640.77,-0.1018
626640.77,-0.0845
626640.77,-0.1838
626640.77,-0.1507
626640.77,-0.3449
626640.77,-0.2701
626877.08,-0.2528
626877.08,-0.0830
627349.71,-0.0830
627349.71,-0.1823
627349.71,-0.1003
627578.14,-0.0830
627814.45,-0.0830
627814.46,-0.3795
627814.45,-0.2413
628050.77,-0.2255
628050.77,-0.0946
628050.77,-0.1938
628050.77,-0.1780
628287.08,-0.1622
628287.08,-0.1305
628287.08,-0.3262
628287.08,-0.2240
628523.39,-0.2068
628523.39,-0.0960
628988.14,-0.0960
628988.14,-0.1952
628988.14,-0.0830
629460.77,-0.0830
629460.77,-0.1823
629460.77,-0.1679
629460.77,-0.3651
629460.77,-0.2212
629697.08,-0.2053
629697.08,-0.0974
630161.83,-0.0974
630161.83,-0.1967
630161.83,-0.1205
630398.14,-0.1046
630398.14,-0.3032
630398.14,-0.1694
630634.45,-0.1550
630634.45,-0.0931
630870.77,-0.0931
630870.77,-0.1924
630870.77,-0.1493
631099.20,-0.1348
631099.20,-0.0888
631335.52,-0.0888
631335.52,-0.1895
631335.52,-0.1608
631335.52,-0.3579
631335.51,-0.3061
631571.83,-0.2816
631571.83,-0.1493
631808.14,-0.1348
631808.14,-0.0902
632044.45,-0.0902
632044.45,-0.1895
632044.45,-0.1766
632272.89,-0.1608
632272.89,-0.1046
632272.89,-0.3032
632272.89,-0.2341
632509.20,-0.2197
632509.20,-0.0917
632981.83,-0.0917
632981.83,-0.1909
632981.83,-0.0917
633218.14,-0.0917
633218.14,-0.1924
633446.58,-0.1780
633446.58,-0.1507
633446.58,-0.3493
633446.58,-0.2500
633682.89,-0.2356
633682.89,-0.1119
633919.20,-0.0989
633919.20,-0.0859
634155.52,-0.0859
634155.52,-0.1852
634155.52,-0.1162
634391.83,-0.1032
634391.83,-0.0902
634620.26,-0.0902
634620.26,-0.3895
634620.26,-0.2672
634856.58,-0.2542
634856.58,-0.1219
635092.89,-0.1090
635092.89,-0.0960
635329.20,-0.0960
635329.20,-0.1952
635329.20,-0.1305
635565.51,-0.3305
635565.52,-0.1938
635793.95,-0.1809
635793.95,-0.0917
636030.26,-0.0917
636030.26,-0.1909
636030.26,-0.1794
636266.58,-0.1665
636266.58,-0.0902
636502.89,-0.0902
636502.89,-0.1895
636502.89,-0.1780
636502.89,-0.3781
636502.89,-0.3550
636739.20,-0.3320
636739.20,-0.2024
636967.64,-0.1895
636967.64,-0.0917
637440.26,-0.0917
637440.26,-0.1924
637440.26,-0.1191
637440.26,-0.3190
637440.26,-0.2802
637676.58,-0.2672
637676.58,-0.1593
637912.89,-0.1478
637912.89,-0.0859
638141.32,-0.0859
638141.32,-0.1866
638141.32,-0.1276
638377.64,-0.1176
638377.64,-0.0946
638613.95,-0.0946
638613.95,-0.1938
638613.95,-0.1694
638613.95,-0.3709
638613.95,-0.2903
638850.26,-0.2787
638850.26,-0.1751
639086.57,-0.1637
639086.58,-0.0960
639315.01,-0.0960
639315.01,-0.1952
639315.01,-0.1406
639551.32,-0.1291
639551.32,-0.1176
639551.32,-0.3190
639551.32,-0.2240
639787.64,-0.2125
639787.64,-0.1119
640023.95,-0.1018
640023.95,-0.0902
640023.95,-0.1895
640023.95,-0.1794
640260.26,-0.1679
640260.26,-0.0917
640488.70,-0.0917
640488.70,-0.1924
640488.70,-0.1608
640725.01,-0.3622
640725.01,-0.2341
640961.32,-0.2226
640961.32,-0.1276
641197.64,-0.1176
641197.64,-0.0974
641433.95,-0.0974
641433.95,-0.1967
641433.95,-0.1046
641662.39,-0.3061
641662.38,-0.2154
641898.70,-0.2053
641898.70,-0.1018
642135.01,-0.0917
642135.01,-0.1924
642135.01,-0.1521
642371.32,-0.1435
642371.32,-0.0931
642607.64,-0.0931
642607.64,-0.1924
642607.64,-0.1435
642607.64,-0.3449
642836.07,-0.3291
642836.07,-0.2255
643072.38,-0.2154
643072.38,-0.1176
643308.70,-0.1090
643308.70,-0.0902
643308.70,-0.1895
643308.70,-0.1536
643545.01,-0.1435
643545.01,-0.0974
643781.32,-0.0974
643781.32,-0.1967
643781.32,-0.1866
643781.32,-0.3895
643781.32,-0.3219
644009.76,-0.3061
644009.76,-0.2168
644246.07,-0.2082
644246.07,-0.1162
644482.39,-0.1090
644482.39,-0.0902
644482.38,-0.1895
644482.38,-0.1722
644718.70,-0.1637
644718.70,-0.1377
644718.70,-0.3406
644718.70,-0.2758
644955.01,-0.2672
644955.01,-0.1866
645183.45,-0.1780
645183.45,-0.0989
645419.76,-0.0902
645419.76,-0.1895
645419.76,-0.1219
645656.07,-0.1147
645656.07,-0.0888
645656.07,-0.1895
645892.38,-0.1809
645892.38,-0.3852
645892.38,-0.2773
646128.70,-0.2701
646128.70,-0.1952
646357.13,-0.1866
646357.13,-0.1133
646593.45,-0.1046
646593.45,-0.0960
646593.45,-0.1952
646593.45,-0.1493
646829.76,-0.1406
646829.76,-0.1262
646829.76,-0.3305
646829.76,-0.2744
647066.07,-0.2643
647066.07,-0.1909
647302.38,-0.1823
647302.39,-0.1046
647530.82,-0.0989
647530.82,-0.0902
647767.13,-0.0902
647767.13,-0.1895
647767.13,-0.1521
648003.45,-0.1435
648003.45,-0.0902
648239.76,-0.0902
648239.76,-0.1895
648239.76,-0.1766
648239.76,-0.3809
648239.76,-0.3262
648476.07,-0.3133
648476.07,-0.2255
648704.51,-0.2183
648704.51,-0.1521
648940.82,-0.1449
648940.82,-0.0960
649413.44,-0.0960
649413.45,-0.1952
649413.45,-0.1521
649649.76,-0.1449
649649.76,-0.1176
649649.76,-0.3204
649649.76,-0.2845
649878.19,-0.2773
649878.19,-0.2068
650114.51,-0.1996
650114.51,-0.1348
650350.82,-0.1276
650350.82,-0.0931
650587.13,-0.0931
650587.13,-0.1924
650587.13,-0.1665
650823.44,-0.1608
650823.44,-0.1018
651051.88,-0.0960
651051.88,-0.1952
651051.88,-0.1622
651051.88,-0.3665
651288.19,-0.3550
651288.19,-0.2672
651524.51,-0.2600
651524.51,-0.2010
651760.82,-0.1938
651760.82,-0.1348
651997.13,-0.1276
651997.13,-0.0917
652225.57,-0.0917
652225.57,-0.1909
652225.57,-0.1665
652461.88,-0.1608
652461.88,-0.1075
652698.19,-0.3133
652698.19,-0.2456
652934.51,-0.2384
652934.51,-0.1838
653170.82,-0.1780
653170.82,-0.1233
653399.25,-0.1176
653399.25,-0.0931
653399.25,-0.1924
653399.25,-0.1694
653635.57,-0.1637
653635.57,-0.1119
653871.88,-0.1061
653871.88,-0.0960
653871.88,-0.1952
653871.88,-0.1622
654108.19,-0.1565
654108.19,-0.1507
654108.19,-0.3565
654108.19,-0.2903
654344.51,-0.3838
654344.51,-0.2960
654572.94,-0.2903
654572.94,-0.2413
654809.25,-0.2356
654809.25,-0.1866
655045.57,-0.1823
655045.57,-0.1291
655281.88,-0.1248
655281.88,-0.0960
655518.19,-0.0960
655518.19,-0.4011
655518.19,-0.3521
655746.63,-0.3421
655746.63,-0.2730
655982.94,-0.3665
655982.94,-0.2903
656219.25,-0.2845
656219.25,-0.2341
656455.57,-0.2298
656455.57,-0.1866
656691.88,-0.1809
656691.88,-0.1406
656920.32,-0.1363
656920.32,-0.3435
656920.31,-0.2874
657156.63,-0.2830
657156.63,-0.2341
657392.94,-0.2284
657392.94,-0.1838
657629.25,-0.1794
657629.25,-0.1392
657865.57,-0.1348
657865.57,-0.0960
658330.32,-0.0960
658330.32,-0.1952
658330.32,-0.1737
658566.63,-0.1679
658566.63,-0.1291
658802.94,-0.1248
658802.94,-0.0946
659039.25,-0.0946
659039.25,-0.1938
659267.69,-0.1895
659267.69,-0.1823
659267.69,-0.3895
659267.69,-0.3478
659504.00,-0.3421
659504.00,-0.2960
659504.00,-0.3895
659504.00,-0.3665
659740.31,-0.3579
659740.31,-0.2960
659976.63,-0.2917
659976.63,-0.2557
660212.94,-0.2528
660212.94,-0.2183
660441.38,-0.2140
660441.38,-0.1794
660677.69,-0.1766
660677.69,-0.1377
660914.00,-0.1334
660914.00,-0.1262
660914.00,-0.3334
660914.00,-0.2989
661150.31,-0.2931
661150.31,-0.2571
661386.63,-0.2542
661386.63,-0.2154
661615.06,-0.2111
661615.06,-0.1766
661851.38,-0.1737
661851.38,-0.1377
662087.69,-0.1348
662087.69,-0.1018
662324.00,-0.0989
662324.00,-0.0946
662324.00,-0.1938
662324.00,-0.1881
662560.32,-0.1838
662560.31,-0.1550
662788.75,-0.1521
662788.75,-0.1219
663025.06,-0.1191
663025.06,-0.0960
663261.37,-0.0960
663261.38,-0.1952
663261.38,-0.1766
663497.69,-0.3838
663497.69,-0.3262
663734.00,-0.3204
663734.00,-0.2787
663962.44,-0.2758
663962.44,-0.2428
664198.75,-0.2384
664198.75,-0.2096
664435.06,-0.2053
664435.06,-0.1766
664671.37,-0.1737
664671.37,-0.1435
664907.69,-0.1406
664907.69,-0.1147
665136.12,-0.1119
665136.12,-0.0946
665372.44,-0.0946
665372.44,-0.1938
665372.44,-0.1665
665608.75,-0.1637
665608.75,-0.1392
665845.06,-0.1377
665845.06,-0.1233
665845.06,-0.3320
665845.06,-0.3204
666081.38,-0.3147
666081.38,-0.2773
666309.81,-0.2744
666309.81,-0.2413
666546.12,-0.2384
666546.12,-0.2111
666782.44,-0.2082
666782.44,-0.1823
667018.75,-0.1809
667018.75,-0.1565
667255.06,-0.1536
667255.06,-0.1262
667483.50,-0.1233
667483.50,-0.0989
667719.81,-0.0960
667719.81,-0.1952
667719.81,-0.1823
667956.12,-0.1794
667956.12,-0.1536
668192.44,-0.1521
668192.44,-0.1305
668428.75,-0.1276
668428.75,-0.1090
